{"type":"FeatureCollection","features":[{"type":"Feature","properties":{"routeId":"71D","shortName":"71D","color":"#cd5c5c","shapeId":"shp-71D-51"},"geometry":{"type":"LineString","coordinates":[[-79.958443,40.441902],[-79.95837,40.44185],[-79.95847,40.44177],[-79.95861,40.44167],[-79.95875,40.441568],[-79.95889,40.441465],[-79.95903,40.441363],[-79.95917,40.44126],[-79.959265,40.441195],[-79.95936,40.44113],[-79.95948,40.441045],[-79.9596,40.44096],[-79.95961,40.44094],[-79.95977,40.44083],[-79.95994,40.4407],[-79.96009,40.440595],[-79.96024,40.44049],[-79.96036,40.440403],[-79.96048,40.440315],[-79.9606,40.440228],[-79.96072,40.44014],[-79.96078,40.44009],[-79.96085,40.44003],[-79.96095,40.439958],[-79.96105,40.439885],[-79.96115,40.439813],[-79.96125,40.43974],[-79.96135,40.439668],[-79.96145,40.439595],[-79.96155,40.439523],[-79.96165,40.43945],[-79.961698,40.439483],[-79.96165,40.43945],[-79.96177,40.43936],[-79.961885,40.439275],[-79.962,40.43919],[-79.96205,40.43916],[-79.962215,40.43904],[-79.96238,40.43892],[-79.96254,40.4388],[-79.96265,40.43871],[-79.96278,40.43861],[-79.96291,40.43851],[-79.96308,40.43838],[-79.96318,40.4383],[-79.96328,40.43822],[-79.96336,40.43816],[-79.96342,40.43812],[-79.96347,40.43808],[-79.96351,40.43806],[-79.96358,40.43802],[-79.96369,40.43797],[-79.96377,40.43793],[-79.963795,40.437962],[-79.96377,40.43793],[-79.96379,40.43792],[-79.96397,40.43785],[-79.96415,40.43782],[-79.96433,40.43779],[-79.96457,40.43778],[-79.96476,40.43776],[-79.96491,40.4377],[-79.96499,40.43767],[-79.96509,40.43763],[-79.96514,40.43763],[-79.96525,40.43761],[-79.96542,40.4375],[-79.96546,40.43746],[-79.96552,40.43741],[-79.96555,40.43739],[-79.96569,40.43725],[-79.96577,40.4371],[-79.96579,40.43706],[-79.965827,40.437071],[-79.96579,40.43706],[-79.96581,40.43703],[-79.9659,40.43693],[-79.96592,40.4369],[-79.96597,40.43685],[-79.96606,40.43678],[-79.96613,40.43673],[-79.96615,40.43672],[-79.96631,40.43664],[-79.96642,40.4366],[-79.96645,40.43658],[-79.96648,40.43657],[-79.9666,40.43653],[-79.96674,40.43647],[-79.96691,40.43645],[-79.96698,40.43645],[-79.96709,40.43645],[-79.967268,40.43645],[-79.967445,40.43645],[-79.967623,40.43645],[-79.9678,40.43645],[-79.96792,40.43645],[-79.968075,40.43645],[-79.96823,40.43645],[-79.968385,40.43645],[-79.96854,40.43645],[-79.968541,40.436504],[-79.96854,40.43645],[-79.968675,40.436455],[-79.96881,40.43646],[-79.96883,40.43646],[-79.96886,40.43647],[-79.96888,40.43647],[-79.96892,40.43648],[-79.96895,40.43649],[-79.96899,40.4365],[-79.96903,40.43652],[-79.969177,40.436568],[-79.969325,40.436615],[-79.969472,40.436663],[-79.96962,40.43671],[-79.96984,40.43678],[-79.97005,40.43685],[-79.97009,40.43686],[-79.97027,40.43692],[-79.970485,40.43699],[-79.9707,40.43706],[-79.97086,40.437115],[-79.97102,40.43717],[-79.970999,40.437202],[-79.97102,40.43717],[-79.97106,40.43718],[-79.97122,40.437235],[-79.97138,40.43729],[-79.97147,40.43731],[-79.9715,40.43732],[-79.971712,40.437385],[-79.971925,40.43745],[-79.972137,40.437515],[-79.97235,40.43758],[-79.97238,40.43759],[-79.97259,40.43766],[-79.97269,40.43769],[-79.97282,40.43774],[-79.97295,40.437795],[-79.97308,40.43785],[-79.973039,40.437875],[-79.97308,40.43785],[-79.97314,40.43786],[-79.97332,40.43789],[-79.97335,40.4379],[-79.97341,40.43792],[-79.97346,40.43792],[-79.9735,40.43793],[-79.97355,40.43793],[-79.97356,40.43793],[-79.9736,40.43794],[-79.973765,40.43795],[-79.97393,40.43796],[-79.9741,40.437975],[-79.97427,40.43799],[-79.97444,40.43802],[-79.97455,40.43803],[-79.974544,40.438082],[-79.97455,40.43803],[-79.97478,40.43806],[-79.97501,40.43809],[-79.975245,40.4381],[-79.97548,40.43811],[-79.97572,40.43814],[-79.97589,40.43817],[-79.97589,40.43808],[-79.975905,40.437895],[-79.97592,40.43771],[-79.97593,40.43754],[-79.97594,40.43736],[-79.97594,40.43735],[-79.97595,40.43727],[-79.97581,40.437265],[-79.97567,40.43726],[-79.97551,40.43725],[-79.97545,40.43725],[-79.975205,40.43724],[-79.97496,40.43723],[-79.97481,40.43722],[-79.974813,40.437179],[-79.97481,40.43722],[-79.97473,40.43721],[-79.97449,40.4372],[-79.974312,40.437193],[-79.974135,40.437185],[-79.973957,40.437178],[-79.97378,40.43717],[-79.97364,40.437165],[-79.9735,40.43716],[-79.97346,40.43716],[-79.97326,40.43715],[-79.97315,40.43716],[-79.97304,40.43715],[-79.97296,40.43714],[-79.9729,40.43714],[-79.97286,40.43714],[-79.9728,40.43713],[-79.97275,40.43712],[-79.97272,40.43712],[-79.97266,40.43711],[-79.97258,40.4371],[-79.97243,40.43707],[-79.97227,40.43703],[-79.97221,40.43702],[-79.9721,40.43699],[-79.97198,40.43696],[-79.97185,40.43692],[-79.97171,40.43688],[-79.97165,40.43686],[-79.97143,40.43679],[-79.97133,40.43675],[-79.97126,40.43672],[-79.97125,40.43672],[-79.97124,40.43672],[-79.97123,40.43671],[-79.97118,40.43668],[-79.9711,40.43664],[-79.97101,40.4366],[-79.97088,40.43654],[-79.97069,40.43648],[-79.97059,40.43645],[-79.97055,40.43644],[-79.97036,40.43639],[-79.97013,40.43633],[-79.96998,40.43629],[-79.96995,40.43628],[-79.96991,40.43627],[-79.96976,40.43623],[-79.96969,40.43621],[-79.96968,40.43621],[-79.96963,40.4362],[-79.96946,40.43615],[-79.96943,40.43615],[-79.9694,40.43614],[-79.96935,40.43613],[-79.96925,40.4361],[-79.96914,40.43607],[-79.96911,40.43606],[-79.96903,40.43605],[-79.96899,40.43604],[-79.96877,40.43599],[-79.96858,40.43595],[-79.96857,40.43595],[-79.96848,40.43594],[-79.96842,40.43593],[-79.96837,40.43592],[-79.96821,40.4359],[-79.96819,40.4359],[-79.96814,40.43589],[-79.96811,40.43589],[-79.9681,40.43589],[-79.96799,40.43588],[-79.96796,40.43588],[-79.96787,40.43587],[-79.96779,40.43587],[-79.96773,40.43586],[-79.96756,40.43586],[-79.96736,40.43586],[-79.96716,40.43585],[-79.967,40.43585],[-79.966845,40.435845],[-79.96669,40.43584],[-79.96665,40.43584],[-79.96659,40.43584],[-79.9665,40.43584],[-79.96646,40.43584],[-79.96643,40.43584],[-79.96642,40.43584],[-79.9664,40.43584],[-79.96639,40.43584],[-79.96637,40.43584],[-79.96635,40.43584],[-79.96633,40.43584],[-79.966155,40.435835],[-79.96598,40.43583],[-79.965835,40.43583],[-79.96569,40.43583],[-79.96555,40.43582],[-79.96542,40.43583],[-79.96535,40.43583],[-79.96528,40.43583],[-79.9652,40.43584],[-79.96512,40.43585],[-79.96503,40.43586],[-79.96492,40.43588],[-79.96483,40.43591],[-79.96478,40.43593],[-79.96473,40.43596],[-79.96468,40.43598],[-79.96462,40.43603],[-79.96444,40.43616],[-79.964335,40.436235],[-79.96423,40.43631],[-79.964125,40.436385],[-79.96402,40.43646],[-79.96386,40.43658],[-79.96382,40.43661],[-79.96377,40.43664],[-79.9636,40.43677],[-79.963425,40.436895],[-79.96325,40.43702],[-79.96311,40.43712],[-79.963005,40.437195],[-79.9629,40.43727],[-79.962845,40.437225],[-79.9629,40.43727],[-79.962795,40.437345],[-79.96269,40.43742],[-79.96259,40.4375],[-79.96243,40.43762],[-79.96242,40.43762],[-79.96236,40.43766],[-79.96219,40.437785],[-79.96202,40.43791],[-79.961878,40.438015],[-79.961735,40.43812],[-79.961593,40.438225],[-79.96141,40.43835],[-79.961409,40.438295],[-79.96141,40.43835],[-79.96124,40.43847],[-79.961105,40.43857],[-79.96097,40.43867],[-79.9608,40.438795],[-79.96063,40.43892],[-79.96059,40.43895],[-79.96046,40.43904],[-79.96034,40.43913],[-79.96019,40.43923],[-79.960073,40.439318],[-79.959955,40.439405],[-79.959838,40.439493],[-79.95972,40.43958],[-79.9596,40.43966],[-79.95944,40.43978],[-79.95929,40.43989],[-79.959135,40.44],[-79.95898,40.44011],[-79.95883,40.44022],[-79.958655,40.44035],[-79.958553,40.440425],[-79.95845,40.4405],[-79.958405,40.440465],[-79.95845,40.4405],[-79.95833,40.44058],[-79.958155,40.440708],[-79.95798,40.440835],[-79.957805,40.440963],[-79.95763,40.44109],[-79.957493,40.44119],[-79.957355,40.44129],[-79.957218,40.44139],[-79.95708,40.44149],[-79.95704,40.441461],[-79.95708,40.44149],[-79.95698,40.44157],[-79.95681,40.44169],[-79.95664,40.44181],[-79.956535,40.441885],[-79.95643,40.44196],[-79.956265,40.44208],[-79.9561,40.4422],[-79.956062,40.442173],[-79.9561,40.4422],[-79.95607,40.44223],[-79.95589,40.44235],[-79.95575,40.44246],[-79.9557,40.44249],[-79.95557,40.44258],[-79.95551,40.44262],[-79.95541,40.44268],[-79.95529,40.44272],[-79.95517,40.44276],[-79.95494,40.44282],[-79.95482,40.44285],[-79.9547,40.44288],[-79.95454,40.44292],[-79.95432,40.44298],[-79.954095,40.44304],[-79.95387,40.4431],[-79.95386,40.4431],[-79.953835,40.443052],[-79.95386,40.4431],[-79.9537,40.44314],[-79.95355,40.44318],[-79.95344,40.44321],[-79.95334,40.44324],[-79.95315,40.44329],[-79.95306,40.44331],[-79.95298,40.44333],[-79.95276,40.44339],[-79.95266,40.44342],[-79.95255,40.44345],[-79.95238,40.44349],[-79.95231,40.44351],[-79.95225,40.44353],[-79.95214,40.44355],[-79.95197,40.443595],[-79.9518,40.44364],[-79.951605,40.44369],[-79.95141,40.44374],[-79.951215,40.44379],[-79.95102,40.44384],[-79.950885,40.443875],[-79.95075,40.44391],[-79.95083,40.44408],[-79.950886,40.444208],[-79.950942,40.444335],[-79.950999,40.444463],[-79.951055,40.44459],[-79.951111,40.444718],[-79.951167,40.444845],[-79.951224,40.444973],[-79.95128,40.4451],[-79.95136,40.44525],[-79.95129,40.445271],[-79.95136,40.44525],[-79.951425,40.4454],[-79.95149,40.44555],[-79.95152,40.44562],[-79.95159,40.445775],[-79.95166,40.44593],[-79.9517,40.44604],[-79.95176,40.44619],[-79.95182,40.44634],[-79.951784,40.446349],[-79.95182,40.44634],[-79.95189,40.44652],[-79.95178,40.446585],[-79.95167,40.44665],[-79.95149,40.44672],[-79.95138,40.44675],[-79.95124,40.44677],[-79.9511,40.44678],[-79.95095,40.44679],[-79.95077,40.4468],[-79.95059,40.44681],[-79.950368,40.44682],[-79.950145,40.44683],[-79.949923,40.44684],[-79.9497,40.44685],[-79.94964,40.44686],[-79.949606,40.446805],[-79.94964,40.44686],[-79.949483,40.446883],[-79.949325,40.446905],[-79.949168,40.446928],[-79.94901,40.44695],[-79.948775,40.44698],[-79.94854,40.44701],[-79.94849,40.44702],[-79.94836,40.44703],[-79.9482,40.44704],[-79.94807,40.447045],[-79.94794,40.44705],[-79.94781,40.447055],[-79.94768,40.44706],[-79.9476,40.44706],[-79.94751,40.44707],[-79.94743,40.44707],[-79.947427,40.447024],[-79.94743,40.44707],[-79.94728,40.44708],[-79.947103,40.447093],[-79.946925,40.447105],[-79.946748,40.447118],[-79.94657,40.44713],[-79.94632,40.44715],[-79.94607,40.44717],[-79.945895,40.447183],[-79.94572,40.447195],[-79.945545,40.447208],[-79.94537,40.44722],[-79.94522,40.44723],[-79.94507,40.44724],[-79.94496,40.44725],[-79.944955,40.447201],[-79.94496,40.44725],[-79.944833,40.447258],[-79.944705,40.447265],[-79.944578,40.447273],[-79.94445,40.44728],[-79.94431,40.447295],[-79.94417,40.44731],[-79.944,40.44732],[-79.94383,40.44733],[-79.943635,40.447345],[-79.94344,40.44736],[-79.94331,40.44737],[-79.94318,40.44738],[-79.94305,40.44739],[-79.94292,40.4474],[-79.942765,40.44741],[-79.94261,40.44742],[-79.942604,40.447365],[-79.94261,40.44742],[-79.94246,40.44743],[-79.942269,40.447445],[-79.942078,40.44746],[-79.941886,40.447475],[-79.941695,40.44749],[-79.941504,40.447505],[-79.941313,40.44752],[-79.941121,40.447535],[-79.94093,40.44755],[-79.94072,40.44756],[-79.940578,40.44757],[-79.940435,40.44758],[-79.940293,40.44759],[-79.94015,40.4476],[-79.93992,40.44762],[-79.93969,40.44764],[-79.93953,40.44765],[-79.939373,40.44766],[-79.939215,40.44767],[-79.939058,40.44768],[-79.9389,40.44769],[-79.938893,40.447642],[-79.9389,40.44769],[-79.93883,40.4477],[-79.938595,40.447715],[-79.93836,40.44773],[-79.93814,40.44775],[-79.937928,40.447765],[-79.937715,40.44778],[-79.937503,40.447795],[-79.93729,40.44781],[-79.93721,40.44781],[-79.937208,40.447772],[-79.93721,40.44781],[-79.93708,40.44782],[-79.936848,40.447838],[-79.936615,40.447855],[-79.936383,40.447873],[-79.93615,40.44789],[-79.93607,40.4479],[-79.9359,40.44791],[-79.9358,40.44792],[-79.93576,40.44793],[-79.93574,40.44793],[-79.93572,40.44794],[-79.9357,40.44794],[-79.93567,40.44795],[-79.93547,40.44801],[-79.93527,40.44807],[-79.935143,40.44811],[-79.935015,40.44815],[-79.934888,40.44819],[-79.93476,40.44823],[-79.934585,40.448285],[-79.93441,40.44834],[-79.934387,40.448296],[-79.93441,40.44834],[-79.9343,40.44838],[-79.93421,40.44841],[-79.934045,40.448465],[-79.93388,40.44852],[-79.933745,40.44856],[-79.93361,40.4486],[-79.933475,40.448645],[-79.93334,40.44869],[-79.93317,40.44874],[-79.93297,40.4488],[-79.93277,40.44886],[-79.93255,40.44893],[-79.932395,40.44898],[-79.93224,40.44903],[-79.932213,40.448985],[-79.93224,40.44903],[-79.932115,40.44907],[-79.93199,40.44911],[-79.93188,40.44914],[-79.93174,40.44918],[-79.9316,40.44922],[-79.931445,40.44927],[-79.93129,40.44932],[-79.931125,40.44937],[-79.93096,40.44942],[-79.93082,40.449465],[-79.93068,40.44951],[-79.93054,40.449555],[-79.9304,40.4496],[-79.93025,40.449645],[-79.9301,40.44969],[-79.92995,40.449735],[-79.9298,40.44978],[-79.929775,40.449741],[-79.9298,40.44978],[-79.92965,40.44983],[-79.929488,40.449883],[-79.929325,40.449935],[-79.929163,40.449988],[-79.929,40.45004],[-79.92881,40.450095],[-79.92862,40.45015],[-79.9285,40.45019],[-79.92844,40.45021],[-79.928255,40.450265],[-79.92807,40.45032],[-79.927855,40.45039],[-79.92764,40.45046],[-79.92756,40.45048],[-79.927538,40.450439],[-79.92756,40.45048],[-79.9275,40.4505],[-79.927355,40.45056],[-79.92721,40.45062],[-79.927065,40.45068],[-79.92692,40.45074],[-79.926755,40.450808],[-79.92659,40.450875],[-79.926425,40.450943],[-79.92626,40.45101],[-79.92611,40.45107],[-79.92596,40.45113],[-79.925929,40.451085],[-79.92596,40.45113],[-79.92588,40.45116],[-79.92579,40.4512],[-79.92564,40.45126],[-79.92549,40.45132],[-79.92537,40.45137],[-79.92522,40.45143],[-79.92507,40.45149],[-79.924955,40.451538],[-79.92484,40.451585],[-79.924725,40.451633],[-79.92461,40.45168],[-79.92448,40.451733],[-79.92435,40.451785],[-79.92422,40.451838],[-79.92409,40.45189],[-79.92406,40.451839],[-79.92409,40.45189],[-79.92398,40.45193],[-79.923775,40.452015],[-79.92357,40.4521],[-79.92341,40.452163],[-79.92325,40.452225],[-79.92309,40.452288],[-79.92293,40.45235],[-79.922793,40.452408],[-79.922655,40.452465],[-79.922518,40.452523],[-79.92238,40.45258],[-79.922225,40.452635],[-79.92207,40.45269],[-79.92191,40.45273],[-79.92177,40.45275],[-79.92173,40.45276],[-79.92155,40.45278],[-79.92138,40.452805],[-79.92121,40.45283],[-79.92104,40.452855],[-79.92087,40.45288],[-79.920856,40.452829],[-79.92087,40.45288],[-79.92072,40.4529],[-79.920591,40.452918],[-79.920463,40.452935],[-79.920334,40.452953],[-79.920205,40.45297],[-79.920076,40.452988],[-79.919948,40.453005],[-79.919819,40.453023],[-79.91969,40.45304],[-79.91963,40.45304],[-79.91949,40.45306],[-79.91935,40.45308],[-79.91925,40.4531],[-79.91919,40.4531],[-79.91906,40.453118],[-79.91893,40.453135],[-79.9188,40.453153],[-79.91867,40.45317],[-79.91856,40.45319],[-79.91832,40.45322],[-79.918193,40.453238],[-79.918065,40.453255],[-79.917938,40.453273],[-79.91781,40.45329],[-79.91762,40.45332],[-79.917463,40.45334],[-79.917305,40.45336],[-79.917148,40.45338],[-79.91699,40.4534],[-79.916753,40.453433],[-79.916515,40.453465],[-79.916278,40.453498],[-79.91604,40.45353],[-79.91603,40.45353],[-79.915795,40.453565],[-79.91556,40.4536],[-79.915543,40.453542],[-79.91556,40.4536],[-79.91535,40.45362],[-79.915225,40.45364],[-79.9151,40.45366],[-79.914895,40.453688],[-79.91469,40.453715],[-79.914485,40.453743],[-79.91428,40.45377],[-79.914055,40.4538],[-79.91383,40.45383],[-79.913705,40.45385],[-79.91358,40.45387],[-79.913445,40.45389],[-79.91331,40.45391],[-79.91316,40.45392],[-79.91315,40.453872],[-79.91316,40.45392],[-79.91295,40.45395],[-79.91281,40.45397],[-79.91275,40.45398],[-79.9126,40.454],[-79.91258,40.454],[-79.91241,40.45402],[-79.91233,40.45409],[-79.91225,40.45415],[-79.91223,40.45417],[-79.9122,40.45419],[-79.91212,40.45426],[-79.91199,40.45438],[-79.91189,40.45447],[-79.911793,40.45456],[-79.911695,40.45465],[-79.911598,40.45474],[-79.9115,40.45483],[-79.911464,40.45481],[-79.9115,40.45483],[-79.91143,40.4549],[-79.91134,40.45499],[-79.9113,40.45503],[-79.911175,40.45515],[-79.91105,40.45527],[-79.910965,40.45535],[-79.91088,40.45543],[-79.91079,40.455515],[-79.9107,40.4556],[-79.910663,40.455578],[-79.9107,40.4556],[-79.9106,40.45571],[-79.91049,40.45581],[-79.910398,40.455898],[-79.910305,40.455985],[-79.910213,40.456073],[-79.91012,40.45616],[-79.90997,40.4563],[-79.90983,40.45643],[-79.90973,40.45652],[-79.90969,40.45656],[-79.90968,40.45657],[-79.90966,40.45659],[-79.90961,40.45663],[-79.90958,40.45666],[-79.90954,40.4567],[-79.90953,40.45671],[-79.90951,40.45673],[-79.90949,40.45675],[-79.90944,40.4568],[-79.90934,40.4569],[-79.90927,40.456993],[-79.9092,40.457085],[-79.90913,40.457178],[-79.90906,40.45727],[-79.90886,40.45722],[-79.90865,40.45717],[-79.90844,40.45712],[-79.90838,40.45711],[-79.90826,40.45708],[-79.908283,40.457033],[-79.90826,40.45708],[-79.908115,40.45705],[-79.90797,40.45702],[-79.90777,40.456973],[-79.90757,40.456925],[-79.90737,40.456878],[-79.90717,40.45683],[-79.90698,40.45679],[-79.906999,40.456745],[-79.90698,40.45679],[-79.90675,40.45672],[-79.90667,40.4567],[-79.90653,40.456665],[-79.90639,40.45663],[-79.90622,40.456595],[-79.90605,40.45656],[-79.905885,40.45652],[-79.90572,40.45648],[-79.905595,40.456465],[-79.90547,40.45645],[-79.9053,40.45641],[-79.90513,40.45637],[-79.905005,40.45634],[-79.90488,40.45631],[-79.9049,40.456269],[-79.90488,40.45631],[-79.90477,40.45628],[-79.904635,40.45625],[-79.9045,40.45622],[-79.904365,40.45619],[-79.90423,40.45616],[-79.904017,40.456113],[-79.903805,40.456065],[-79.903592,40.456018],[-79.90338,40.45597],[-79.903227,40.455935],[-79.903075,40.4559],[-79.902922,40.455865],[-79.90277,40.45583],[-79.90256,40.45578],[-79.90235,40.45573],[-79.902364,40.455692],[-79.90235,40.45573],[-79.90221,40.4557],[-79.902,40.45565],[-79.90179,40.4556],[-79.90173,40.45559],[-79.901555,40.455553],[-79.90138,40.455515],[-79.901205,40.455478],[-79.90103,40.45544],[-79.900875,40.455405],[-79.90072,40.45537],[-79.900535,40.455325],[-79.90035,40.45528],[-79.9002,40.455248],[-79.90005,40.455215],[-79.8999,40.455183],[-79.89975,40.45515],[-79.899767,40.455104],[-79.89975,40.45515],[-79.89963,40.45512],[-79.899447,40.455078],[-79.899265,40.455035],[-79.899082,40.454993],[-79.8989,40.45495],[-79.898685,40.4549],[-79.89847,40.45485],[-79.898235,40.4548],[-79.898,40.45475],[-79.89781,40.4547],[-79.89767,40.45467],[-79.897689,40.454631],[-79.89767,40.45467],[-79.89753,40.45463],[-79.897305,40.454575],[-79.89708,40.45452],[-79.89685,40.45447],[-79.89662,40.45442],[-79.89638,40.454365],[-79.89614,40.45431],[-79.8959,40.454255],[-79.89566,40.4542],[-79.89544,40.45415],[-79.89524,40.45411],[-79.895263,40.454076],[-79.89524,40.45411],[-79.89508,40.45408],[-79.89502,40.45406],[-79.894795,40.45401],[-79.89457,40.45396],[-79.894415,40.453925],[-79.89426,40.45389],[-79.89403,40.45384],[-79.89384,40.453795],[-79.89365,40.45375],[-79.893512,40.45372],[-79.893375,40.45369],[-79.893237,40.45366],[-79.8931,40.45363],[-79.893116,40.453591],[-79.8931,40.45363],[-79.89299,40.4536],[-79.892796,40.453556],[-79.892602,40.453513],[-79.892409,40.453469],[-79.892215,40.453425],[-79.892021,40.453381],[-79.891827,40.453338],[-79.891634,40.453294],[-79.89144,40.45325],[-79.89128,40.45321],[-79.891297,40.453171],[-79.89128,40.45321],[-79.89111,40.45318],[-79.890965,40.453146],[-79.89082,40.453113],[-79.890675,40.453079],[-79.89053,40.453045],[-79.890385,40.453011],[-79.89024,40.452978],[-79.890095,40.452944],[-79.88995,40.45291],[-79.88975,40.45287],[-79.889535,40.45282],[-79.88932,40.45277],[-79.889339,40.452728],[-79.88932,40.45277],[-79.88918,40.45274],[-79.889037,40.45271],[-79.888895,40.45268],[-79.888752,40.45265],[-79.88861,40.45262],[-79.88837,40.452565],[-79.88813,40.45251],[-79.88789,40.452455],[-79.88765,40.4524],[-79.887665,40.452353],[-79.88765,40.4524],[-79.88752,40.45237],[-79.887325,40.452325],[-79.88713,40.45228],[-79.886935,40.452235],[-79.88674,40.45219],[-79.886595,40.45216],[-79.88645,40.45213],[-79.886315,40.452095],[-79.88618,40.45206],[-79.886188,40.452003],[-79.88618,40.45206],[-79.88602,40.45202],[-79.8858,40.45196],[-79.88573,40.45195],[-79.88559,40.45192],[-79.88542,40.45188],[-79.88526,40.45184],[-79.88518,40.45182],[-79.88497,40.45177],[-79.88496,40.45177],[-79.88489,40.45175],[-79.88486,40.45175],[-79.884876,40.451715],[-79.88486,40.45175],[-79.88474,40.45172],[-79.884702,40.451585],[-79.884665,40.45145],[-79.884627,40.451315],[-79.88459,40.45118],[-79.88456,40.45103],[-79.88453,40.45091],[-79.8845,40.45079],[-79.88448,40.45073],[-79.884536,40.450724],[-79.88448,40.45073],[-79.884445,40.45058],[-79.88441,40.45043],[-79.884375,40.45029],[-79.88434,40.45015],[-79.884305,40.45003],[-79.88427,40.44991],[-79.88423,40.44974],[-79.88421,40.44965],[-79.884175,40.44951],[-79.88414,40.44937],[-79.884202,40.449361],[-79.88414,40.44937],[-79.88411,40.449245],[-79.88408,40.44912],[-79.884055,40.44902],[-79.88403,40.44892],[-79.884,40.4488],[-79.88397,40.44868],[-79.88394,40.44856],[-79.88391,40.44844],[-79.883865,40.448265],[-79.88382,40.44809],[-79.88381,40.44804],[-79.88385,40.448033],[-79.88381,40.44804],[-79.88378,40.447925],[-79.88375,40.44781],[-79.88372,40.447695],[-79.88369,40.44758],[-79.88366,40.44745],[-79.88363,40.44732],[-79.883679,40.447309],[-79.88363,40.44732],[-79.883595,40.447195],[-79.88356,40.44707],[-79.883525,40.446915],[-79.88349,40.44676],[-79.88344,40.44658],[-79.8834,40.4464],[-79.88339,40.446295],[-79.88338,40.44619],[-79.883411,40.446192],[-79.88338,40.44619],[-79.88338,40.44607],[-79.88347,40.4459],[-79.88351,40.44583],[-79.883615,40.44566],[-79.88372,40.44549],[-79.88376,40.4454],[-79.88383,40.44527],[-79.883915,40.44512],[-79.884,40.44497],[-79.884085,40.44482],[-79.88417,40.44467],[-79.884218,40.444685],[-79.88417,40.44467],[-79.88422,40.44458],[-79.88427,40.44449],[-79.88444,40.444545],[-79.88461,40.4446],[-79.88479,40.44466],[-79.884925,40.444708],[-79.88506,40.444755],[-79.885195,40.444803],[-79.88533,40.44485],[-79.885315,40.444868],[-79.88533,40.44485],[-79.88544,40.44488],[-79.885625,40.444945],[-79.88581,40.44501],[-79.885952,40.445055],[-79.886095,40.4451],[-79.886237,40.445145],[-79.886355,40.445184],[-79.886472,40.445223],[-79.88659,40.445261],[-79.886708,40.4453],[-79.886694,40.44532],[-79.886707,40.4453],[-79.886857,40.445352],[-79.887007,40.445403],[-79.887156,40.445455],[-79.887306,40.445506],[-79.887456,40.445558],[-79.887605,40.44561],[-79.887755,40.445661],[-79.887905,40.445713],[-79.887976,40.445706],[-79.888038,40.445822],[-79.888101,40.445937],[-79.888163,40.446053],[-79.888225,40.446168],[-79.888288,40.446284],[-79.88835,40.446399],[-79.888413,40.446515],[-79.888475,40.44663]]}},{"type":"Feature","properties":{"routeId":"54","shortName":"54","color":"#ff1493","shapeId":"shp-54-04"},"geometry":{"type":"LineString","coordinates":[[-79.99154,40.408901],[-79.99156,40.40887],[-79.99171,40.40891],[-79.99193,40.40894],[-79.99217,40.40896],[-79.9924,40.40899],[-79.99263,40.40902],[-79.99287,40.40904],[-79.99288,40.40904],[-79.99302,40.40906],[-79.993175,40.409075],[-79.99333,40.40909],[-79.99342,40.4091],[-79.99357,40.40913],[-79.99365,40.40914],[-79.993639,40.409173],[-79.99365,40.40914],[-79.99374,40.40916],[-79.99377,40.40919],[-79.993887,40.409298],[-79.994005,40.409405],[-79.994122,40.409513],[-79.99424,40.40962],[-79.994325,40.409705],[-79.99441,40.40979],[-79.9945,40.40987],[-79.99459,40.40995],[-79.99467,40.41002],[-79.99469,40.41004],[-79.99471,40.41005],[-79.994685,40.41007],[-79.99471,40.41005],[-79.99486,40.41017],[-79.99508,40.41018],[-79.995245,40.410175],[-79.99541,40.41017],[-79.99565,40.41016],[-79.995828,40.410155],[-79.996005,40.41015],[-79.996183,40.410145],[-79.99636,40.41014],[-79.996595,40.41014],[-79.99683,40.41014],[-79.99696,40.41016],[-79.99703,40.41017],[-79.99726,40.41022],[-79.997425,40.410265],[-79.99759,40.41031],[-79.997575,40.410337],[-79.99759,40.41031],[-79.99774,40.41035],[-79.99789,40.41022],[-79.998045,40.410085],[-79.9982,40.40995],[-79.99828,40.40987],[-79.99832,40.40982],[-79.99833,40.40978],[-79.99834,40.40972],[-79.99834,40.40968],[-79.99834,40.40964],[-79.99834,40.40962],[-79.998335,40.40951],[-79.99833,40.4094],[-79.998325,40.409295],[-79.99832,40.40919],[-79.99836,40.409222],[-79.99832,40.40919],[-79.99832,40.40901],[-79.99831,40.40888],[-79.998305,40.408735],[-79.9983,40.40859],[-79.99829,40.40841],[-79.99828,40.408235],[-79.99827,40.40806],[-79.99827,40.40799],[-79.99826,40.40789],[-79.998293,40.407887],[-79.99826,40.40789],[-79.99826,40.40778],[-79.99825,40.40759],[-79.99824,40.4074],[-79.99824,40.40737],[-79.99824,40.40734],[-79.998232,40.40722],[-79.998225,40.4071],[-79.998217,40.40698],[-79.99821,40.40686],[-79.99821,40.40683],[-79.99821,40.4068],[-79.9982,40.40665],[-79.998195,40.406485],[-79.99819,40.40632],[-79.998185,40.406205],[-79.99818,40.40609],[-79.998175,40.405975],[-79.99817,40.40586],[-79.998192,40.405856],[-79.99817,40.40586],[-79.99816,40.40576],[-79.99817,40.40562],[-79.99816,40.40561],[-79.99816,40.40557],[-79.99816,40.40544],[-79.99816,40.40543],[-79.99815,40.40539],[-79.99814,40.40521],[-79.99813,40.40503],[-79.99812,40.40494],[-79.99812,40.4049],[-79.99812,40.40489],[-79.99812,40.40485],[-79.99811,40.40467],[-79.9981,40.40449],[-79.99809,40.40431],[-79.99809,40.40422],[-79.99809,40.40418],[-79.99809,40.40417],[-79.99809,40.40413],[-79.99809,40.404],[-79.998119,40.404033],[-79.99809,40.404],[-79.99822,40.40395],[-79.99828,40.40395],[-79.99831,40.40395],[-79.99845,40.40394],[-79.99849,40.40394],[-79.99852,40.40394],[-79.99855,40.40394],[-79.998725,40.403935],[-79.9989,40.40393],[-79.99895,40.40393],[-79.99899,40.40393],[-79.99901,40.40393],[-79.99903,40.40393],[-79.9991,40.40394],[-79.9991,40.403967],[-79.9991,40.40394],[-79.99914,40.40394],[-79.99915,40.40394],[-79.99916,40.40394],[-79.99917,40.40395],[-79.99918,40.40396],[-79.99919,40.40397],[-79.9992,40.40401],[-79.99921,40.40419],[-79.999217,40.404368],[-79.999225,40.404545],[-79.999232,40.404723],[-79.99924,40.4049],[-79.99925,40.40508],[-79.99926,40.40526],[-79.99927,40.40544],[-79.99927,40.40554],[-79.99927,40.40564],[-79.999232,40.40564],[-79.99927,40.40564],[-79.99927,40.40571],[-79.999274,40.405809],[-79.999277,40.405908],[-79.999281,40.406006],[-79.999285,40.406105],[-79.999289,40.406204],[-79.999292,40.406303],[-79.999296,40.406401],[-79.9993,40.4065],[-79.99932,40.40668],[-79.99932,40.40686],[-79.99933,40.40704],[-79.99934,40.40722],[-79.99936,40.4074],[-79.999365,40.407545],[-79.99937,40.40769],[-79.999328,40.407689],[-79.99937,40.40769],[-79.99937,40.40776],[-79.99937,40.40794],[-79.99938,40.40812],[-79.99939,40.4083],[-79.9994,40.40848],[-79.9994,40.40866],[-79.99941,40.40884],[-79.99942,40.40902],[-79.99943,40.409165],[-79.99944,40.40931],[-79.99942,40.409307],[-79.99944,40.40931],[-79.99944,40.40938],[-79.999445,40.40951],[-79.99945,40.40964],[-79.999455,40.40974],[-79.99946,40.40984],[-79.999465,40.40994],[-79.99947,40.41004],[-79.999475,40.410175],[-79.99948,40.41031],[-79.99948,40.41037],[-79.999461,40.410372],[-79.99948,40.41037],[-79.99949,40.41048],[-79.99925,40.41046],[-79.9991,40.41045],[-79.99895,40.41044],[-79.9988,40.41043],[-79.99865,40.41042],[-79.99848,40.410405],[-79.99831,40.41039],[-79.99808,40.41037],[-79.99797,40.41037],[-79.99796,40.41037],[-79.99792,40.41036],[-79.997927,40.410331],[-79.99792,40.41036],[-79.99774,40.41035],[-79.99762,40.410318],[-79.9975,40.410285],[-79.99738,40.410253],[-79.99726,40.41022],[-79.99703,40.41017],[-79.99696,40.41016],[-79.99683,40.41014],[-79.996595,40.41014],[-79.99636,40.41014],[-79.996183,40.410145],[-79.996005,40.41015],[-79.995828,40.410155],[-79.99565,40.41016],[-79.99541,40.41017],[-79.99521,40.41017],[-79.995209,40.410138],[-79.99521,40.41017],[-79.99508,40.41018],[-79.99486,40.41017],[-79.99469,40.41004],[-79.99467,40.41002],[-79.99459,40.40995],[-79.9945,40.40987],[-79.99441,40.40979],[-79.994325,40.409705],[-79.99424,40.40962],[-79.99413,40.409518],[-79.99402,40.409415],[-79.99391,40.409313],[-79.99377,40.40919],[-79.993836,40.409191],[-79.99377,40.40919],[-79.99374,40.40916],[-79.99357,40.40913],[-79.99342,40.4091],[-79.99333,40.40909],[-79.993175,40.409075],[-79.99302,40.40906],[-79.99288,40.40904],[-79.99287,40.40904],[-79.99263,40.40902],[-79.9924,40.40899],[-79.99217,40.40896],[-79.99193,40.40894],[-79.99171,40.40891],[-79.991575,40.408875],[-79.99144,40.40884],[-79.991454,40.4088],[-79.99144,40.40884],[-79.991275,40.408795],[-79.99111,40.40875],[-79.991055,40.40887],[-79.991,40.40899],[-79.99092,40.40917],[-79.99084,40.409345],[-79.99076,40.40952],[-79.990715,40.40962],[-79.99067,40.40972],[-79.990625,40.40982],[-79.99058,40.40992],[-79.99052,40.410045],[-79.99046,40.41017],[-79.99043,40.41025],[-79.99035,40.41041],[-79.990305,40.410515],[-79.99026,40.41062],[-79.990193,40.41061],[-79.99026,40.41062],[-79.99021,40.41072],[-79.99013,40.410895],[-79.99005,40.41107],[-79.98997,40.41125],[-79.98989,40.41143],[-79.98982,40.41159],[-79.98975,40.41175],[-79.98971,40.41183],[-79.9897,40.41187],[-79.98965,40.411975],[-79.9896,40.41208],[-79.98953,40.41223],[-79.98951,40.41227],[-79.98943,40.4124],[-79.98932,40.41256],[-79.98921,40.41272],[-79.98916,40.4128],[-79.9891,40.41287],[-79.989035,40.412968],[-79.98897,40.413065],[-79.988905,40.413163],[-79.98884,40.41326],[-79.988775,40.41335],[-79.98871,40.41344],[-79.988655,40.413422],[-79.98871,40.41344],[-79.98864,40.41354],[-79.98861,40.41358],[-79.9885,40.413735],[-79.98839,40.41389],[-79.98829,40.414035],[-79.98819,40.41418],[-79.9881,40.41431],[-79.98801,40.41444],[-79.98794,40.41449],[-79.988,40.41455],[-79.98803,40.41457],[-79.98804,40.41459],[-79.98805,40.4146],[-79.98805,40.41462],[-79.98805,40.41463],[-79.98805,40.41464],[-79.98805,40.41465],[-79.98805,40.41469],[-79.98806,40.41482],[-79.98806,40.41483],[-79.98806,40.41487],[-79.988065,40.415025],[-79.98807,40.41518],[-79.988075,40.415278],[-79.98808,40.415375],[-79.988085,40.415473],[-79.98809,40.41557],[-79.988046,40.415574],[-79.98809,40.41557],[-79.9881,40.41565],[-79.98811,40.415785],[-79.98812,40.41592],[-79.988125,40.41602],[-79.98813,40.41612],[-79.98813,40.41626],[-79.98813,40.4163],[-79.988135,40.416405],[-79.98814,40.41651],[-79.988087,40.416511],[-79.98814,40.41651],[-79.98814,40.41665],[-79.988155,40.41684],[-79.98817,40.41703],[-79.988175,40.417215],[-79.98818,40.4174],[-79.98819,40.41746],[-79.988195,40.417615],[-79.9882,40.41777],[-79.98821,40.41781],[-79.98821,40.41791],[-79.98821,40.41794],[-79.98821,40.41797],[-79.98823,40.41814],[-79.988225,40.418245],[-79.98822,40.41835],[-79.988181,40.418347],[-79.98822,40.41835],[-79.98821,40.41852],[-79.98808,40.41846],[-79.987885,40.41836],[-79.98769,40.41826],[-79.9875,40.41817],[-79.9874,40.41811],[-79.98726,40.41805],[-79.98712,40.41797],[-79.987142,40.41795],[-79.98712,40.41797],[-79.98708,40.41795],[-79.98695,40.41788],[-79.986827,40.41782],[-79.986705,40.41776],[-79.986582,40.4177],[-79.98646,40.41764],[-79.98643,40.41775],[-79.98638,40.41793],[-79.98634,40.41808],[-79.98629,40.41825],[-79.98626,40.41837],[-79.98624,40.41842],[-79.98623,40.41847],[-79.98623,40.4185],[-79.98623,40.41851],[-79.98623,40.41854],[-79.98623,40.41856],[-79.98623,40.41858],[-79.98624,40.41861],[-79.98625,40.41864],[-79.98627,40.41867],[-79.9863,40.41871],[-79.986239,40.418717],[-79.9863,40.41871],[-79.98638,40.41878],[-79.98651,40.41885],[-79.98653,40.41885],[-79.98658,40.41888],[-79.986735,40.418948],[-79.98689,40.419015],[-79.987045,40.419083],[-79.9872,40.41915],[-79.98735,40.41921],[-79.98744,40.41925],[-79.98753,40.4193],[-79.98755,40.41931],[-79.9876,40.41935],[-79.98764,40.4194],[-79.98766,40.41945],[-79.98766,40.41948],[-79.98765,40.4195],[-79.98765,40.41953],[-79.98763,40.41958],[-79.9876,40.41962],[-79.98756,40.41966],[-79.987395,40.419755],[-79.98723,40.41985],[-79.987123,40.419908],[-79.987015,40.419965],[-79.986908,40.420023],[-79.9868,40.42008],[-79.98676,40.42011],[-79.98661,40.4202],[-79.98658,40.42022],[-79.98654,40.42026],[-79.98648,40.42032],[-79.98643,40.42039],[-79.98632,40.42051],[-79.98622,40.42059],[-79.98614,40.42065],[-79.986125,40.420634],[-79.98614,40.42065],[-79.98606,40.4207],[-79.98606,40.42071],[-79.98598,40.42075],[-79.98586,40.4208],[-79.985705,40.420868],[-79.98555,40.420935],[-79.985395,40.421003],[-79.98524,40.42107],[-79.98507,40.421145],[-79.9849,40.42122],[-79.98484,40.42125],[-79.98472,40.42131],[-79.98465,40.42136],[-79.984615,40.421328],[-79.98465,40.42136],[-79.98458,40.42141],[-79.98448,40.42149],[-79.98438,40.42156],[-79.984245,40.42166],[-79.98411,40.42176],[-79.98405,40.42181],[-79.98399,40.42185],[-79.98393,40.42188],[-79.98385,40.42189],[-79.98377,40.42188],[-79.98364,40.42185],[-79.98342,40.42177],[-79.983205,40.42169],[-79.98299,40.42161],[-79.98277,40.42154],[-79.98255,40.42145],[-79.98244,40.42141],[-79.982455,40.421383],[-79.98244,40.42141],[-79.98233,40.42138],[-79.98213,40.42131],[-79.982015,40.42127],[-79.9819,40.42123],[-79.981757,40.421178],[-79.981615,40.421125],[-79.981472,40.421073],[-79.98133,40.42102],[-79.98119,40.42097],[-79.9811,40.42095],[-79.98102,40.42094],[-79.98095,40.42094],[-79.98092,40.42095],[-79.98087,40.42095],[-79.9808,40.42097],[-79.98074,40.42099],[-79.980525,40.42107],[-79.98031,40.42115],[-79.98015,40.42121],[-79.9801,40.42123],[-79.9801,40.42124],[-79.98009,40.42124],[-79.98005,40.42126],[-79.97996,40.4213],[-79.9799,40.42134],[-79.97972,40.42145],[-79.97962,40.42151],[-79.97952,40.42157],[-79.97942,40.421635],[-79.97932,40.4217],[-79.979294,40.421675],[-79.97932,40.4217],[-79.97926,40.42174],[-79.97906,40.421855],[-79.97886,40.42197],[-79.97875,40.42202],[-79.97864,40.42208],[-79.97852,40.42215],[-79.9785,40.42217],[-79.97848,40.42218],[-79.97845,40.4222],[-79.97842,40.42223],[-79.97838,40.42226],[-79.97834,40.42232],[-79.97832,40.42234],[-79.97828,40.42239],[-79.97821,40.42247],[-79.97814,40.422565],[-79.97807,40.42266],[-79.97797,40.42278],[-79.97796,40.4228],[-79.97786,40.42292],[-79.97782,40.423],[-79.97779,40.42306],[-79.97775,40.42313],[-79.97773,40.42324],[-79.97772,40.42337],[-79.97771,40.42346],[-79.977705,40.423565],[-79.9777,40.42367],[-79.97764,40.42367],[-79.9777,40.42367],[-79.9777,40.42372],[-79.97769,40.42377],[-79.9777,40.4239],[-79.97772,40.42401],[-79.97774,40.42406],[-79.97777,40.42414],[-79.97783,40.42424],[-79.97789,40.42433],[-79.97804,40.42444],[-79.97819,40.4245],[-79.97834,40.42453],[-79.97838,40.42455],[-79.97846,40.42456],[-79.97868,40.42462],[-79.978825,40.424653],[-79.97897,40.424685],[-79.979115,40.424718],[-79.97926,40.42475],[-79.97942,40.42478],[-79.979416,40.424808],[-79.97942,40.42478],[-79.9795,40.42479],[-79.97964,40.42482],[-79.97988,40.42487],[-79.98008,40.42488],[-79.98026,40.42489],[-79.980385,40.424905],[-79.98051,40.42492],[-79.9806,40.42492],[-79.98069,40.42493],[-79.98072,40.42494],[-79.98073,40.42494],[-79.98075,40.42495],[-79.98078,40.42496],[-79.98081,40.42498],[-79.98083,40.425],[-79.98085,40.42501],[-79.98087,40.42505],[-79.98089,40.42508],[-79.98089,40.42509],[-79.98089,40.42511],[-79.98089,40.42515],[-79.98088,40.42531],[-79.98087,40.4254],[-79.98086,40.4255],[-79.98085,40.42564],[-79.980835,40.4258],[-79.98082,40.42596],[-79.980789,40.425959],[-79.98082,40.42596],[-79.98081,40.42608],[-79.9808,40.42619],[-79.98079,40.4263],[-79.98078,40.42641],[-79.98077,40.42652],[-79.980763,40.42663],[-79.980755,40.42674],[-79.980748,40.42685],[-79.98074,40.42696],[-79.980728,40.427073],[-79.980715,40.427185],[-79.980703,40.427298],[-79.98069,40.42741],[-79.98068,40.42752],[-79.98067,40.42763],[-79.98066,40.42774],[-79.98065,40.42785],[-79.98064,40.427963],[-79.98063,40.428075],[-79.98062,40.428188],[-79.98061,40.4283],[-79.98059,40.42847],[-79.980531,40.428466],[-79.98059,40.42847],[-79.98058,40.42855],[-79.98057,40.428655],[-79.98056,40.42876],[-79.98035,40.42875],[-79.98018,40.42874],[-79.97996,40.42873],[-79.97975,40.42872],[-79.97953,40.42872],[-79.97945,40.42872],[-79.979295,40.42871],[-79.97914,40.4287],[-79.979005,40.42869],[-79.97887,40.42868],[-79.978715,40.42867],[-79.97856,40.42866],[-79.97848,40.42866],[-79.978345,40.42865],[-79.97821,40.42864],[-79.97814,40.42864],[-79.97799,40.42863],[-79.97784,40.42862],[-79.977847,40.428549],[-79.97784,40.42862],[-79.97762,40.42861],[-79.97738,40.428595],[-79.97714,40.42858],[-79.97701,40.42857],[-79.97688,40.42856],[-79.976665,40.428545],[-79.97645,40.42853],[-79.976455,40.428469],[-79.97645,40.42853],[-79.97626,40.42852],[-79.976092,40.42851],[-79.975925,40.4285],[-79.975757,40.42849],[-79.97559,40.42848],[-79.97553,40.42848],[-79.97548,40.42847],[-79.97532,40.428455],[-79.97516,40.42844],[-79.97501,40.42841],[-79.97478,40.42838],[-79.974784,40.428374],[-79.97478,40.42838],[-79.97465,40.42837],[-79.974515,40.42837],[-79.97438,40.42837],[-79.97413,40.42835],[-79.973977,40.428346],[-79.973823,40.428341],[-79.97367,40.428337],[-79.973517,40.428332],[-79.973488,40.428521],[-79.97346,40.42871],[-79.973445,40.42886],[-79.97343,40.42901],[-79.973418,40.42915],[-79.973405,40.42929],[-79.973393,40.42943],[-79.97338,40.42957],[-79.97338,40.42971],[-79.9734,40.42985],[-79.97341,40.4299],[-79.97342,40.42996],[-79.97343,40.42999],[-79.97347,40.43009],[-79.9735,40.43021],[-79.97354,40.43034],[-79.97356,40.43041],[-79.97359,40.43053],[-79.97362,40.43064],[-79.97365,40.43076],[-79.97367,40.43085],[-79.9737,40.43102],[-79.97371,40.43117],[-79.973725,40.43127],[-79.97374,40.43137],[-79.97374,40.431485],[-79.97374,40.4316],[-79.97372,40.43173],[-79.9737,40.43186],[-79.97368,40.43199],[-79.97366,40.43212],[-79.97365,40.4322],[-79.97364,40.43224],[-79.973615,40.432369],[-79.97359,40.432498],[-79.973565,40.432626],[-79.97354,40.432755],[-79.973515,40.432884],[-79.97349,40.433013],[-79.973465,40.433141],[-79.97344,40.43327],[-79.973415,40.433403],[-79.97339,40.433535],[-79.973365,40.433668],[-79.97334,40.4338],[-79.97333,40.43389],[-79.97332,40.43397],[-79.97325,40.43406],[-79.97324,40.43406],[-79.9732,40.43418],[-79.97317,40.43427],[-79.97313,40.43439],[-79.97309,40.43449],[-79.97305,40.43465],[-79.97302,40.43477],[-79.97301,40.43483],[-79.97298,40.43501],[-79.97295,40.43519],[-79.97294,40.4352],[-79.97291,40.43536],[-79.97289,40.43548],[-79.97287,40.4356],[-79.97284,40.43575],[-79.97281,40.4359],[-79.97281,40.43592],[-79.97279,40.436],[-79.97278,40.43608],[-79.97275,40.43615],[-79.97273,40.43623],[-79.97271,40.43631],[-79.9727,40.4364],[-79.97269,40.43641],[-79.97269,40.43644],[-79.97268,40.43648],[-79.97266,40.43656],[-79.97266,40.43659],[-79.97265,40.43663],[-79.97262,40.43675],[-79.97262,40.43677],[-79.97262,40.43679],[-79.97261,40.43681],[-79.97259,40.43688],[-79.97257,40.43691],[-79.97256,40.43692],[-79.97255,40.43695],[-79.97252,40.43698],[-79.9725,40.437],[-79.97243,40.43707],[-79.97227,40.43703],[-79.97221,40.43702],[-79.9721,40.43699],[-79.97198,40.43696],[-79.97185,40.43692],[-79.97171,40.43688],[-79.97165,40.43686],[-79.97143,40.43679],[-79.97133,40.43675],[-79.97126,40.43672],[-79.97125,40.43672],[-79.97124,40.43672],[-79.97123,40.43671],[-79.97118,40.43668],[-79.9711,40.43664],[-79.97101,40.4366],[-79.97088,40.43654],[-79.97069,40.43648],[-79.97059,40.43645],[-79.97055,40.43644],[-79.97036,40.43639],[-79.97013,40.43633],[-79.96998,40.43629],[-79.96995,40.43628],[-79.96991,40.43627],[-79.96976,40.43623],[-79.96969,40.43621],[-79.96968,40.43621],[-79.96963,40.4362],[-79.96946,40.43615],[-79.96943,40.43615],[-79.9694,40.43614],[-79.96935,40.43613],[-79.96925,40.4361],[-79.96914,40.43607],[-79.96911,40.43606],[-79.96903,40.43605],[-79.96899,40.43604],[-79.96877,40.43599],[-79.96858,40.43595],[-79.96857,40.43595],[-79.96848,40.43594],[-79.96842,40.43593],[-79.96837,40.43592],[-79.96821,40.4359],[-79.96819,40.4359],[-79.96814,40.43589],[-79.96811,40.43589],[-79.9681,40.43589],[-79.96799,40.43588],[-79.96796,40.43588],[-79.96787,40.43587],[-79.96779,40.43587],[-79.96773,40.43586],[-79.96756,40.43586],[-79.96736,40.43586],[-79.96716,40.43585],[-79.967,40.43585],[-79.966845,40.435845],[-79.96669,40.43584],[-79.96665,40.43584],[-79.96659,40.43584],[-79.9665,40.43584],[-79.96646,40.43584],[-79.96643,40.43584],[-79.96642,40.43584],[-79.9664,40.43584],[-79.96639,40.43584],[-79.96637,40.43584],[-79.96635,40.43584],[-79.96633,40.43584],[-79.966155,40.435835],[-79.96598,40.43583],[-79.965835,40.43583],[-79.96569,40.43583],[-79.96555,40.43582],[-79.96542,40.43583],[-79.96535,40.43583],[-79.96528,40.43583],[-79.9652,40.43584],[-79.96512,40.43585],[-79.96503,40.43586],[-79.96492,40.43588],[-79.96483,40.43591],[-79.96478,40.43593],[-79.96473,40.43596],[-79.96468,40.43598],[-79.96462,40.43603],[-79.96444,40.43616],[-79.964335,40.436235],[-79.96423,40.43631],[-79.964125,40.436385],[-79.96402,40.43646],[-79.96386,40.43658],[-79.96382,40.43661],[-79.96377,40.43664],[-79.9636,40.43677],[-79.963425,40.436895],[-79.96325,40.43702],[-79.96311,40.43712],[-79.963005,40.437195],[-79.9629,40.43727],[-79.962845,40.437225],[-79.9629,40.43727],[-79.962795,40.437345],[-79.96269,40.43742],[-79.96259,40.4375],[-79.96243,40.43762],[-79.96242,40.43762],[-79.96236,40.43766],[-79.96219,40.437785],[-79.96202,40.43791],[-79.961878,40.438015],[-79.961735,40.43812],[-79.961593,40.438225],[-79.96141,40.43835],[-79.961409,40.438295],[-79.96141,40.43835],[-79.96124,40.43847],[-79.961105,40.43857],[-79.96097,40.43867],[-79.9608,40.438795],[-79.96063,40.43892],[-79.96059,40.43895],[-79.96046,40.43904],[-79.96034,40.43913],[-79.96019,40.43923],[-79.960073,40.439318],[-79.959955,40.439405],[-79.959838,40.439493],[-79.95972,40.43958],[-79.9596,40.43966],[-79.95944,40.43978],[-79.95929,40.43989],[-79.959135,40.44],[-79.95898,40.44011],[-79.95883,40.44022],[-79.958655,40.44035],[-79.958553,40.440425],[-79.95845,40.4405],[-79.958405,40.440465],[-79.95845,40.4405],[-79.95833,40.44058],[-79.958155,40.440708],[-79.95798,40.440835],[-79.957805,40.440963],[-79.95763,40.44109],[-79.957493,40.44119],[-79.957355,40.44129],[-79.957218,40.44139],[-79.95708,40.44149],[-79.95704,40.441461],[-79.95708,40.44149],[-79.95698,40.44157],[-79.95681,40.44169],[-79.95664,40.44181],[-79.956535,40.441885],[-79.95643,40.44196],[-79.956265,40.44208],[-79.9561,40.4422],[-79.956062,40.442173],[-79.9561,40.4422],[-79.95607,40.44223],[-79.95589,40.44235],[-79.95575,40.44246],[-79.9557,40.44249],[-79.95557,40.44258],[-79.95551,40.44262],[-79.95541,40.44268],[-79.95529,40.44272],[-79.95517,40.44276],[-79.95494,40.44282],[-79.95482,40.44285],[-79.9547,40.44288],[-79.95454,40.44292],[-79.95432,40.44298],[-79.954095,40.44304],[-79.95387,40.4431],[-79.95386,40.4431],[-79.953835,40.443052],[-79.95386,40.4431],[-79.9537,40.44314],[-79.95355,40.44318],[-79.95344,40.44321],[-79.95334,40.44324],[-79.95315,40.44329],[-79.95306,40.44331],[-79.95298,40.44333],[-79.95276,40.44339],[-79.95266,40.44342],[-79.95255,40.44345],[-79.95238,40.44349],[-79.95231,40.44351],[-79.95225,40.44353],[-79.95214,40.44355],[-79.95197,40.443595],[-79.9518,40.44364],[-79.951605,40.44369],[-79.95141,40.44374],[-79.951215,40.44379],[-79.95102,40.44384],[-79.950885,40.443875],[-79.95075,40.44391],[-79.95083,40.44408],[-79.950886,40.444208],[-79.950942,40.444335],[-79.950999,40.444463],[-79.951055,40.44459],[-79.951111,40.444718],[-79.951167,40.444845],[-79.951224,40.444973],[-79.95128,40.4451],[-79.95136,40.44525],[-79.95129,40.445271],[-79.95136,40.44525],[-79.951425,40.4454],[-79.95149,40.44555],[-79.95152,40.44562],[-79.95159,40.445775],[-79.95166,40.44593],[-79.9517,40.44604],[-79.95176,40.44619],[-79.95182,40.44634],[-79.951784,40.446349],[-79.95182,40.44634],[-79.95189,40.44652],[-79.95178,40.446585],[-79.95167,40.44665],[-79.95149,40.44672],[-79.95138,40.44675],[-79.95124,40.44677],[-79.9511,40.44678],[-79.95095,40.44679],[-79.95077,40.4468],[-79.95059,40.44681],[-79.950368,40.44682],[-79.950145,40.44683],[-79.949923,40.44684],[-79.9497,40.44685],[-79.94964,40.44686],[-79.949483,40.446883],[-79.949325,40.446905],[-79.949168,40.446928],[-79.94901,40.44695],[-79.94903,40.44699],[-79.94904,40.44702],[-79.94907,40.4471],[-79.94911,40.44717],[-79.94922,40.44734],[-79.94926,40.44741],[-79.94937,40.44758],[-79.949455,40.44772],[-79.94954,40.44786],[-79.949477,40.447868],[-79.94954,40.44786],[-79.94962,40.448],[-79.94968,40.4481],[-79.94978,40.448255],[-79.94988,40.44841],[-79.94993,40.4485],[-79.94998,40.44859],[-79.950049,40.448701],[-79.950117,40.448813],[-79.950186,40.448924],[-79.950255,40.449035],[-79.950324,40.449146],[-79.950392,40.449258],[-79.950461,40.449369],[-79.95053,40.44948],[-79.9506,40.44959],[-79.95066,40.44968],[-79.950619,40.449697],[-79.95066,40.44968],[-79.95073,40.4498],[-79.950792,40.449903],[-79.950855,40.450005],[-79.950917,40.450108],[-79.95098,40.45021],[-79.951042,40.450313],[-79.951105,40.450415],[-79.951167,40.450518],[-79.95123,40.45062],[-79.95126,40.45067],[-79.95136,40.45083],[-79.95146,40.450995],[-79.95156,40.45116],[-79.951615,40.45125],[-79.95167,40.45134],[-79.95178,40.45151],[-79.95186,40.45164],[-79.95189,40.45169],[-79.951836,40.451709],[-79.95189,40.45169],[-79.95192,40.45174],[-79.95202,40.45189],[-79.951883,40.45193],[-79.951745,40.45197],[-79.951608,40.45201],[-79.95147,40.45205],[-79.951353,40.452088],[-79.951235,40.452125],[-79.951118,40.452163],[-79.951,40.4522],[-79.950978,40.452158],[-79.951,40.4522],[-79.95085,40.45224],[-79.950705,40.452285],[-79.95056,40.45233],[-79.950415,40.452375],[-79.95027,40.45242],[-79.95015,40.45245],[-79.95003,40.45249],[-79.94991,40.45253],[-79.94984,40.45255],[-79.949818,40.452505],[-79.94984,40.45255],[-79.94978,40.45257],[-79.94969,40.45259],[-79.94954,40.452635],[-79.94939,40.45268],[-79.94924,40.452725],[-79.94909,40.45277],[-79.948945,40.452815],[-79.9488,40.45286],[-79.948651,40.452905],[-79.948503,40.45295],[-79.948354,40.452995],[-79.948205,40.45304],[-79.948056,40.453085],[-79.947908,40.45313],[-79.947759,40.453175],[-79.94761,40.45322],[-79.94738,40.45329],[-79.947405,40.453385],[-79.94743,40.45348],[-79.947455,40.453575],[-79.94748,40.45367],[-79.947428,40.453674],[-79.94748,40.45367],[-79.94752,40.45382],[-79.94755,40.45392],[-79.94758,40.45403],[-79.94762,40.45416],[-79.94764,40.45425],[-79.947589,40.454257],[-79.94764,40.45425],[-79.94767,40.45438],[-79.94771,40.45453],[-79.94775,40.45468],[-79.94775,40.4547],[-79.94775,40.45471],[-79.94775,40.45473],[-79.94775,40.45475],[-79.94774,40.45483],[-79.947725,40.454995],[-79.94771,40.45516],[-79.947695,40.455315],[-79.94768,40.45547],[-79.94766,40.45559],[-79.94765,40.45565],[-79.947635,40.455785],[-79.94762,40.45592],[-79.947573,40.455914],[-79.94762,40.45592],[-79.94761,40.45601],[-79.9476,40.45612],[-79.94758,40.45623],[-79.947565,40.45641],[-79.94755,40.45659],[-79.94753,40.45677],[-79.94752,40.45689],[-79.94751,40.45691],[-79.94751,40.45695],[-79.9475,40.45701],[-79.94749,40.45713],[-79.94748,40.45724],[-79.94747,40.45726],[-79.94747,40.45731],[-79.947458,40.457413],[-79.947445,40.457515],[-79.947433,40.457618],[-79.94742,40.45772],[-79.94741,40.45786],[-79.9474,40.45789],[-79.947347,40.457884],[-79.9474,40.45789],[-79.9474,40.45791],[-79.94739,40.45801],[-79.947373,40.458115],[-79.947355,40.45822],[-79.947338,40.458325],[-79.94732,40.45843],[-79.94731,40.45845],[-79.94729,40.45848],[-79.94727,40.4585],[-79.94725,40.45853],[-79.94718,40.45862],[-79.94715,40.45866],[-79.947116,40.458649],[-79.94715,40.45866],[-79.94708,40.45875],[-79.94697,40.45886],[-79.946885,40.458955],[-79.9468,40.45905],[-79.94666,40.459205],[-79.94652,40.45936],[-79.946405,40.45949],[-79.94629,40.45962],[-79.946247,40.459597],[-79.94629,40.45962],[-79.94625,40.45966],[-79.94618,40.45973],[-79.946065,40.459875],[-79.94595,40.46002],[-79.94609,40.4601],[-79.94623,40.46018],[-79.946345,40.46024],[-79.94646,40.4603],[-79.946575,40.46036],[-79.94669,40.46042],[-79.94689,40.46053],[-79.94709,40.46064],[-79.94726,40.46073],[-79.94738,40.460795],[-79.9475,40.46086],[-79.94766,40.46094],[-79.947825,40.461025],[-79.94799,40.46111],[-79.947957,40.461145],[-79.94799,40.46111],[-79.94804,40.46114],[-79.94815,40.461198],[-79.94826,40.461255],[-79.94837,40.461313],[-79.94848,40.46137],[-79.948595,40.46143],[-79.94871,40.46149],[-79.948825,40.46155],[-79.94894,40.46161],[-79.94905,40.461673],[-79.94916,40.461735],[-79.94927,40.461798],[-79.94938,40.46186],[-79.949575,40.46196],[-79.94977,40.46206],[-79.949752,40.462088],[-79.94977,40.46206],[-79.94988,40.46212],[-79.95,40.46218],[-79.95017,40.46227],[-79.95034,40.46236],[-79.95052,40.462455],[-79.9507,40.46255],[-79.95087,40.46265],[-79.95105,40.462745],[-79.95123,40.46284],[-79.95135,40.462903],[-79.95147,40.462965],[-79.95159,40.463028],[-79.95171,40.46309],[-79.95165,40.463127],[-79.95171,40.46309],[-79.95182,40.46315],[-79.95196,40.46323],[-79.95206,40.46328],[-79.95217,40.46334],[-79.95228,40.4634],[-79.95238,40.46345],[-79.95247,40.4635],[-79.9526,40.46357],[-79.95266,40.46359],[-79.9528,40.46364],[-79.95294,40.46365],[-79.95307,40.46363],[-79.95316,40.46361],[-79.9533,40.46358],[-79.95337,40.46356],[-79.95354,40.46351],[-79.95371,40.46346],[-79.95386,40.463415],[-79.95401,40.46337],[-79.953997,40.463438],[-79.95401,40.46337],[-79.954165,40.463345],[-79.95432,40.46332],[-79.954475,40.463295],[-79.95463,40.46327],[-79.95479,40.46324],[-79.95503,40.4632],[-79.955043,40.463252],[-79.95503,40.4632],[-79.9551,40.46319],[-79.95523,40.46317],[-79.95536,40.46315],[-79.95554,40.46312],[-79.955765,40.463085],[-79.95599,40.46305],[-79.956165,40.463015],[-79.95634,40.46298],[-79.95639,40.46298],[-79.956405,40.463033],[-79.95639,40.46298],[-79.9564,40.46297],[-79.956525,40.46295],[-79.95665,40.46293],[-79.95687,40.4629],[-79.95711,40.46286],[-79.95728,40.46283],[-79.957445,40.462805],[-79.95761,40.46278],[-79.95784,40.46274],[-79.95807,40.4627],[-79.95825,40.46267],[-79.958445,40.462635],[-79.95864,40.4626],[-79.9587,40.46259],[-79.95889,40.46256],[-79.959015,40.46254],[-79.95914,40.46252],[-79.959154,40.462568],[-79.95914,40.46252],[-79.95935,40.46248],[-79.95959,40.46244],[-79.95982,40.4624],[-79.95988,40.46239],[-79.96008,40.46236],[-79.96028,40.46233],[-79.960413,40.462308],[-79.960545,40.462285],[-79.960678,40.462263],[-79.96081,40.46224],[-79.961,40.4622],[-79.961175,40.46217],[-79.96135,40.46214],[-79.96141,40.46213],[-79.96152,40.46212],[-79.961655,40.462095],[-79.96185,40.46206],[-79.961863,40.462126],[-79.96185,40.46206],[-79.96199,40.46204],[-79.96222,40.46202],[-79.96245,40.462],[-79.96256,40.46199],[-79.96277,40.46197],[-79.96298,40.46195],[-79.96302,40.46195],[-79.963225,40.46193],[-79.96343,40.46191],[-79.96349,40.46191],[-79.963655,40.461895],[-79.96382,40.46188],[-79.963831,40.461936],[-79.96382,40.46188],[-79.96393,40.46187],[-79.96407,40.461858],[-79.96421,40.461845],[-79.96435,40.461833],[-79.96449,40.46182],[-79.96472,40.4618],[-79.96495,40.46178],[-79.96502,40.46178],[-79.965175,40.461765],[-79.96533,40.46175],[-79.96551,40.46173],[-79.96569,40.46171],[-79.9657,40.461768],[-79.96569,40.46171],[-79.9658,40.4617],[-79.96582,40.4617],[-79.96588,40.46169],[-79.96601,40.46168],[-79.96604,40.46168],[-79.96621,40.46166],[-79.96638,40.46164],[-79.96655,40.46163],[-79.96664,40.46162],[-79.966865,40.461595],[-79.96709,40.46157],[-79.96708,40.46155],[-79.96703,40.46145],[-79.96702,40.46142],[-79.96701,40.4614],[-79.967,40.46139],[-79.967,40.46138],[-79.96698,40.46135],[-79.96694,40.46126],[-79.96692,40.46122],[-79.96691,40.4612],[-79.96687,40.46111],[-79.96684,40.46105],[-79.96678,40.46091],[-79.96676,40.46088],[-79.96669,40.46073],[-79.96668,40.46071],[-79.96662,40.46058],[-79.9666,40.46054],[-79.96653,40.46039],[-79.96652,40.46037],[-79.96651,40.46035],[-79.96645,40.46022],[-79.96644,40.4602],[-79.96637,40.460055],[-79.9663,40.45991],[-79.96628,40.45986],[-79.96621,40.45972],[-79.9662,40.45969],[-79.96612,40.45952],[-79.9661,40.45949],[-79.96609,40.45947],[-79.96606,40.4594],[-79.96604,40.45935],[-79.96601,40.4593],[-79.96598,40.45925],[-79.96596,40.45921],[-79.965996,40.459198],[-79.96596,40.45921],[-79.96594,40.45917],[-79.9659,40.4591],[-79.96589,40.45908],[-79.96582,40.45896],[-79.96581,40.45894],[-79.9658,40.45892],[-79.96575,40.45882],[-79.96569,40.45871],[-79.96563,40.4586],[-79.9656,40.45855],[-79.96557,40.45851],[-79.96556,40.45849],[-79.96553,40.45847],[-79.9655,40.45845],[-79.96545,40.45843],[-79.96541,40.45842],[-79.96536,40.45842],[-79.96532,40.45842],[-79.96527,40.45843],[-79.96522,40.45845],[-79.96519,40.45846],[-79.96516,40.45849],[-79.96514,40.45851],[-79.96513,40.45853],[-79.96511,40.45857],[-79.96507,40.45869],[-79.96507,40.45871],[-79.96506,40.45873],[-79.96505,40.45876],[-79.96503,40.45881],[-79.96501,40.45884],[-79.96499,40.45886],[-79.96495,40.45888],[-79.96492,40.4589],[-79.96487,40.45891],[-79.96483,40.45892],[-79.96478,40.45892],[-79.96472,40.45892],[-79.96467,40.45891],[-79.96463,40.45889],[-79.96459,40.45886],[-79.96458,40.45885],[-79.96458,40.45884],[-79.96456,40.45882],[-79.96453,40.45879],[-79.96446,40.45869],[-79.96435,40.45854],[-79.96429,40.458455],[-79.96423,40.45837],[-79.964275,40.458354],[-79.96423,40.45837],[-79.9642,40.45832],[-79.96409,40.45816],[-79.96398,40.458],[-79.96389,40.45785],[-79.96385,40.45778],[-79.96383,40.45774],[-79.96382,40.45773],[-79.96382,40.45772],[-79.96383,40.45769],[-79.96386,40.45766],[-79.9639,40.45763],[-79.96407,40.4575],[-79.96424,40.45737],[-79.96433,40.45731],[-79.96449,40.45719],[-79.964615,40.457095],[-79.96476,40.45698],[-79.96476,40.457016],[-79.96476,40.45698],[-79.964855,40.456905],[-79.96495,40.45683],[-79.96504,40.45675],[-79.96513,40.45682],[-79.96516,40.4568],[-79.96519,40.45679],[-79.96523,40.45677],[-79.96526,40.45677],[-79.96529,40.45676],[-79.96532,40.45676],[-79.96534,40.45676],[-79.96541,40.45676],[-79.96549,40.45675],[-79.96555,40.45675],[-79.96557,40.45675],[-79.96576,40.45674],[-79.96581,40.45674],[-79.96582,40.45674],[-79.96605,40.45673],[-79.96628,40.45672],[-79.96645,40.45671],[-79.96652,40.45671],[-79.96655,40.4567],[-79.96657,40.4567],[-79.96658,40.4567],[-79.9666,40.4567],[-79.96668,40.4567],[-79.96674,40.4567],[-79.96676,40.45669],[-79.96679,40.45669],[-79.96681,40.45669],[-79.96682,40.45669],[-79.96683,40.45669],[-79.96691,40.45669],[-79.96699,40.45668],[-79.96719,40.45667],[-79.967194,40.456709],[-79.96719,40.45667],[-79.96722,40.45667],[-79.96746,40.45666],[-79.96761,40.456655],[-79.96776,40.45665],[-79.96793,40.45664],[-79.96796,40.45664],[-79.96799,40.45664],[-79.9682,40.45663],[-79.96822,40.45663],[-79.96831,40.45662],[-79.96846,40.45662],[-79.96869,40.45661],[-79.968868,40.456603],[-79.969045,40.456595],[-79.969223,40.456588],[-79.9694,40.45658],[-79.96964,40.45657],[-79.96987,40.45656],[-79.96998,40.45653],[-79.969999,40.456575],[-79.96998,40.45653],[-79.97011,40.4565],[-79.97029,40.45652],[-79.97034,40.45652],[-79.97051,40.4565],[-79.97071,40.45647],[-79.97081,40.45645],[-79.97088,40.45644],[-79.97094,40.45643],[-79.97099,40.45642],[-79.97105,40.45641],[-79.97107,40.4564],[-79.97127,40.45636],[-79.97148,40.4563],[-79.97166,40.45624],[-79.97185,40.45617],[-79.97188,40.45615],[-79.97191,40.45614],[-79.97201,40.4561],[-79.97217,40.45603],[-79.97231,40.45596],[-79.97239,40.45592],[-79.972505,40.455855],[-79.97262,40.45579],[-79.97266,40.45576],[-79.97267,40.45576],[-79.97269,40.45574],[-79.97271,40.45573],[-79.972755,40.455772],[-79.97271,40.45573],[-79.97273,40.45572],[-79.97281,40.45566],[-79.97289,40.45562],[-79.97293,40.45564],[-79.97298,40.45568],[-79.97303,40.45572],[-79.97308,40.45576],[-79.97313,40.4558],[-79.97328,40.45594],[-79.97344,40.45607],[-79.9736,40.4562],[-79.97361,40.45621],[-79.97364,40.45623],[-79.9737,40.45629],[-79.97376,40.45633],[-79.97382,40.45637],[-79.97393,40.45643],[-79.97397,40.45645],[-79.97403,40.45646],[-79.97409,40.45647],[-79.97414,40.45647],[-79.9742,40.45647],[-79.97426,40.45646],[-79.97431,40.45645],[-79.97435,40.45644],[-79.9744,40.45642],[-79.97443,40.45641],[-79.97447,40.45638],[-79.97451,40.45636],[-79.97459,40.4563],[-79.97462,40.45628],[-79.974662,40.456319],[-79.97462,40.45628],[-79.97478,40.45617],[-79.97487,40.45623],[-79.97495,40.4563],[-79.975045,40.456228],[-79.97514,40.456155],[-79.975235,40.456083],[-79.97533,40.45601],[-79.97542,40.45596],[-79.975543,40.455875],[-79.975665,40.45579],[-79.975788,40.455705],[-79.97591,40.45562],[-79.97602,40.455545],[-79.97613,40.45547],[-79.97619,40.45543],[-79.976227,40.455463],[-79.97619,40.45543],[-79.97635,40.45532],[-79.976493,40.455223],[-79.976635,40.455125],[-79.976778,40.455028],[-79.97692,40.45493],[-79.97708,40.45482],[-79.97724,40.45471],[-79.9774,40.4546],[-79.97756,40.45449],[-79.97763,40.45444],[-79.977677,40.45448],[-79.97763,40.45444],[-79.97775,40.45436],[-79.97792,40.454245],[-79.97809,40.45413],[-79.97827,40.45401],[-79.97831,40.45398],[-79.97844,40.45388],[-79.97853,40.45382],[-79.97857,40.45379],[-79.97873,40.453685],[-79.97889,40.45358],[-79.978995,40.45351],[-79.9791,40.45344],[-79.979127,40.453463],[-79.9791,40.45344],[-79.97917,40.45338],[-79.97927,40.453315],[-79.97937,40.45325],[-79.97954,40.453135],[-79.97971,40.45302],[-79.97985,40.452925],[-79.97999,40.45283],[-79.980091,40.45276],[-79.980193,40.45269],[-79.980294,40.45262],[-79.980395,40.45255],[-79.980496,40.45248],[-79.980598,40.45241],[-79.980699,40.45234],[-79.9808,40.45227],[-79.98097,40.45216],[-79.98108,40.452085],[-79.98119,40.45201],[-79.98133,40.45191],[-79.98147,40.45181],[-79.98161,40.45171],[-79.981725,40.451635],[-79.98184,40.45156],[-79.981955,40.451485],[-79.98207,40.45141],[-79.98221,40.45131],[-79.98235,40.45121],[-79.982383,40.45124],[-79.98235,40.45121],[-79.98245,40.45114],[-79.982555,40.451065],[-79.98266,40.45099],[-79.982818,40.450883],[-79.982975,40.450775],[-79.983133,40.450668],[-79.98329,40.45056],[-79.983433,40.45046],[-79.983575,40.45036],[-79.983718,40.45026],[-79.98386,40.45016],[-79.98401,40.45006],[-79.98411,40.44999],[-79.98421,40.44992],[-79.98431,40.44985],[-79.98441,40.44978],[-79.98444,40.44976],[-79.98449,40.44973],[-79.98454,40.44969],[-79.98455,40.44968],[-79.98462,40.44964],[-79.98479,40.449535],[-79.98496,40.44943],[-79.98513,40.449325],[-79.9853,40.44922],[-79.985329,40.449248],[-79.9853,40.44922],[-79.98535,40.44918],[-79.9854,40.44915],[-79.98555,40.44905],[-79.985695,40.44896],[-79.98584,40.44887],[-79.985985,40.44878],[-79.98613,40.44869],[-79.98614,40.44869],[-79.98631,40.44858],[-79.986453,40.448493],[-79.986595,40.448405],[-79.986738,40.448318],[-79.98688,40.44823],[-79.98704,40.448375],[-79.9872,40.44852],[-79.987315,40.44863],[-79.98743,40.44874],[-79.987392,40.448769],[-79.98743,40.44874],[-79.98752,40.44883],[-79.98763,40.44892],[-79.98766,40.44895],[-79.98771,40.44899],[-79.98782,40.44908],[-79.98791,40.44916],[-79.988005,40.44924],[-79.9881,40.44932],[-79.98816,40.44937],[-79.98817,40.44938],[-79.98819,40.4494],[-79.98822,40.44942],[-79.98824,40.44944],[-79.98827,40.44946],[-79.98831,40.4495],[-79.98841,40.44959],[-79.988552,40.449708],[-79.988695,40.449825],[-79.988837,40.449943],[-79.98898,40.45006],[-79.989135,40.450195],[-79.98929,40.45033],[-79.98945,40.45046],[-79.98948,40.45049],[-79.98957,40.45056],[-79.9897,40.45067],[-79.98974,40.45071],[-79.98977,40.45073],[-79.9899,40.45082],[-79.99006,40.45095],[-79.99022,40.45109],[-79.99038,40.45122],[-79.99054,40.45135],[-79.99068,40.45149],[-79.99084,40.45163],[-79.991,40.45176],[-79.99116,40.45189],[-79.99118,40.45191],[-79.99121,40.45193],[-79.99132,40.45203],[-79.99137,40.45207],[-79.99148,40.45216],[-79.99164,40.4523],[-79.99169,40.45234],[-79.9918,40.45242],[-79.99189,40.4525],[-79.99191,40.45252],[-79.99196,40.45256],[-79.99198,40.45258],[-79.99203,40.45262],[-79.99212,40.45269],[-79.99224,40.452795],[-79.99236,40.4529],[-79.99242,40.45295],[-79.99254,40.45305],[-79.99262,40.45312],[-79.9927,40.45319],[-79.99285,40.45332],[-79.9928,40.453352],[-79.99285,40.45332],[-79.99294,40.45339],[-79.99303,40.45346],[-79.99318,40.453595],[-79.99333,40.45373],[-79.99348,40.45386],[-79.99358,40.45395],[-79.99372,40.45407],[-79.99374,40.45413],[-79.99383,40.4542],[-79.9939,40.45427],[-79.99396,40.45431],[-79.99399,40.45434],[-79.99402,40.45437],[-79.99405,40.4544],[-79.99406,40.45442],[-79.99411,40.45447],[-79.99412,40.45449],[-79.99422,40.4546],[-79.99431,40.4547],[-79.99433,40.45473],[-79.99434,40.45475],[-79.99442,40.45486],[-79.99447,40.45495],[-79.99455,40.45491],[-79.99469,40.454845],[-79.99483,40.45478],[-79.99498,40.4547],[-79.99513,40.45462],[-79.99525,40.45457],[-79.99535,40.45454],[-79.99555,40.45448],[-79.99558,40.45447],[-79.99572,40.45444],[-79.995915,40.45439],[-79.99611,40.45434],[-79.99619,40.45432],[-79.99633,40.45429],[-79.99646,40.45426],[-79.99659,40.45423],[-79.99672,40.4542],[-79.99685,40.45417],[-79.99698,40.45415],[-79.99708,40.45414],[-79.99713,40.45413],[-79.99722,40.45412],[-79.99728,40.45411],[-79.99731,40.4541],[-79.99744,40.45409],[-79.99746,40.45408],[-79.99749,40.45408],[-79.99757,40.45407],[-79.99773,40.45407],[-79.99787,40.45404],[-79.99806,40.454005],[-79.99825,40.45397],[-79.99842,40.45393],[-79.99855,40.45388],[-79.99874,40.453845],[-79.99893,40.45381],[-79.998947,40.453857],[-79.99893,40.45381],[-79.99916,40.45377],[-79.999385,40.453728],[-79.99961,40.453685],[-79.999835,40.453643],[-80.00006,40.4536],[-80.000275,40.45356],[-80.00049,40.45352],[-80.000497,40.453559],[-80.00049,40.45352],[-80.0006,40.4535],[-80.000785,40.453465],[-80.00097,40.45343],[-80.00113,40.4534],[-80.00127,40.45338],[-80.00147,40.45334],[-80.001478,40.453372],[-80.00147,40.45334],[-80.00157,40.45332],[-80.00163,40.45332],[-80.00169,40.45331],[-80.00173,40.45344],[-80.00177,40.453565],[-80.00181,40.45369],[-80.00182,40.45373],[-80.001865,40.45386],[-80.00191,40.45399],[-80.00192,40.45403],[-80.00194,40.45408],[-80.001995,40.454253],[-80.00205,40.454425],[-80.002105,40.454598],[-80.00216,40.45477],[-80.002098,40.45478],[-80.00216,40.45477],[-80.00221,40.4549],[-80.002245,40.455005],[-80.00228,40.45511],[-80.002315,40.455218],[-80.00235,40.455325],[-80.002385,40.455433],[-80.00242,40.45554],[-80.00247,40.4557],[-80.002502,40.455795],[-80.002535,40.45589],[-80.002567,40.455985],[-80.0026,40.45608],[-80.00263,40.45618],[-80.00276,40.45626],[-80.00295,40.456225],[-80.00314,40.45619],[-80.003285,40.456158],[-80.00343,40.456125],[-80.003575,40.456093],[-80.00372,40.45606],[-80.00392,40.45603],[-80.003929,40.456043],[-80.00392,40.45603],[-80.004088,40.455998],[-80.004255,40.455965],[-80.004423,40.455933],[-80.00459,40.4559],[-80.004775,40.455865],[-80.00496,40.45583],[-80.005145,40.455795],[-80.00533,40.45576],[-80.00553,40.45572],[-80.00573,40.45568],[-80.005955,40.455635],[-80.00618,40.45559],[-80.00641,40.455545],[-80.00664,40.4555],[-80.00684,40.45546],[-80.007033,40.455425],[-80.007225,40.45539],[-80.007418,40.455355],[-80.00761,40.45532],[-80.007835,40.45528],[-80.00806,40.45524],[-80.00823,40.455205],[-80.0084,40.45517],[-80.00863,40.45513],[-80.00861,40.45507],[-80.00856,40.454905],[-80.00851,40.45474],[-80.00856,40.45473],[-80.00851,40.45474],[-80.00846,40.4546],[-80.00841,40.45446],[-80.0084,40.45444],[-80.0084,40.45442],[-80.00841,40.45441],[-80.00843,40.4544],[-80.00845,40.4544],[-80.008615,40.45437],[-80.00878,40.45434],[-80.009025,40.454295],[-80.00927,40.45425],[-80.00931,40.45424],[-80.0094,40.45422],[-80.00943,40.4542],[-80.00944,40.45416],[-80.00943,40.45416],[-80.00938,40.454],[-80.00933,40.45384],[-80.00929,40.453713],[-80.00925,40.453585],[-80.00921,40.453458],[-80.00917,40.45333],[-80.00916,40.4533],[-80.009125,40.4532],[-80.00909,40.4531],[-80.009118,40.453091],[-80.00909,40.4531],[-80.00904,40.452925],[-80.00899,40.45275],[-80.008952,40.45264],[-80.008915,40.45253],[-80.008877,40.45242],[-80.00884,40.45231],[-80.0088,40.45218],[-80.008837,40.452173],[-80.0088,40.45218],[-80.00874,40.45202],[-80.00873,40.45198],[-80.00849,40.45203],[-80.008283,40.45207],[-80.008075,40.45211],[-80.007868,40.45215],[-80.00766,40.45219],[-80.00763,40.45209],[-80.0076,40.45199],[-80.00756,40.45185],[-80.007527,40.451753],[-80.007495,40.451655],[-80.007462,40.451558],[-80.00743,40.45146],[-80.00723,40.4515],[-80.007075,40.451525],[-80.00692,40.45155],[-80.00676,40.45158],[-80.0067,40.45159],[-80.00661,40.45162],[-80.00648,40.45165],[-80.00644,40.45166],[-80.00641,40.45167],[-80.00641,40.45168],[-80.00641,40.45169],[-80.00641,40.4517],[-80.00641,40.45173],[-80.00645,40.45188],[-80.00651,40.45201],[-80.006447,40.452023],[-80.00651,40.45201],[-80.006547,40.452103],[-80.006585,40.452195],[-80.006622,40.452288],[-80.00666,40.45238],[-80.00689,40.45233],[-80.007025,40.452305],[-80.00716,40.45228],[-80.007285,40.452258],[-80.00741,40.452235],[-80.007535,40.452213],[-80.00766,40.45219],[-80.007895,40.452145],[-80.00813,40.4521],[-80.00815,40.452159],[-80.00813,40.4521],[-80.00831,40.452065],[-80.00849,40.45203],[-80.00873,40.45198],[-80.00895,40.451938],[-80.00917,40.451895],[-80.00939,40.451853],[-80.00961,40.45181],[-80.009785,40.45178],[-80.00996,40.45175],[-80.01003,40.45174],[-80.01012,40.45172],[-80.01035,40.45168],[-80.01049,40.45165],[-80.01058,40.45164],[-80.0106,40.45163],[-80.01063,40.45163],[-80.01065,40.45162],[-80.01067,40.45162],[-80.01069,40.45161],[-80.01072,40.45161],[-80.01074,40.45161],[-80.01079,40.4516],[-80.01085,40.45159],[-80.01094,40.45158],[-80.01097,40.45157],[-80.010976,40.451602],[-80.01097,40.45157],[-80.01104,40.45156],[-80.01113,40.45157],[-80.01118,40.45158],[-80.01126,40.45161],[-80.01133,40.45162],[-80.01141,40.45165],[-80.01153,40.451695],[-80.01165,40.45174],[-80.01169,40.45176],[-80.01186,40.45183],[-80.01201,40.45189],[-80.012185,40.451963],[-80.01236,40.452035],[-80.012535,40.452108],[-80.01271,40.45218],[-80.01283,40.45223],[-80.01291,40.45227],[-80.01298,40.45229],[-80.01301,40.4523],[-80.01312,40.45234],[-80.01321,40.45238],[-80.01329,40.45239],[-80.01337,40.4524],[-80.01347,40.45242],[-80.01355,40.45243],[-80.01361,40.45243],[-80.01368,40.45243],[-80.01373,40.45243],[-80.01379,40.45243],[-80.01389,40.45243],[-80.01401,40.45241],[-80.013975,40.45231],[-80.01394,40.45221],[-80.013905,40.45209],[-80.01387,40.45197],[-80.01385,40.45193],[-80.013815,40.451825],[-80.01378,40.45172],[-80.01375,40.45162],[-80.01372,40.45152],[-80.01371,40.45149],[-80.01369,40.45142],[-80.01366,40.45131],[-80.01362,40.4512],[-80.01357,40.45107],[-80.01357,40.45105],[-80.01356,40.45102],[-80.01353,40.45095],[-80.01348,40.45079],[-80.01345,40.4507],[-80.013512,40.450687],[-80.01345,40.4507],[-80.01341,40.4506],[-80.01356,40.45056],[-80.013738,40.450525],[-80.013915,40.45049],[-80.014093,40.450455],[-80.01427,40.45042],[-80.014408,40.450395],[-80.014545,40.45037],[-80.014683,40.450345],[-80.01482,40.45032],[-80.01505,40.45028],[-80.01528,40.45024],[-80.01543,40.45021],[-80.01567,40.450165],[-80.01591,40.45012],[-80.016105,40.450085],[-80.0163,40.45005],[-80.01637,40.45003],[-80.01649,40.45001],[-80.01661,40.44999],[-80.01678,40.44995],[-80.01682,40.44996],[-80.01699,40.44993],[-80.01715,40.4499],[-80.01722,40.44988],[-80.01744,40.44984],[-80.01761,40.4498],[-80.017775,40.449775],[-80.01794,40.44975],[-80.01808,40.44972],[-80.01831,40.44968],[-80.01826,40.4495],[-80.01822,40.44936],[-80.01817,40.449215],[-80.01812,40.44907],[-80.01808,40.44894],[-80.01806,40.44888],[-80.01805,40.44884],[-80.01801,40.4487],[-80.01797,40.44858],[-80.017915,40.448405],[-80.01786,40.44823],[-80.01784,40.44813],[-80.01782,40.44803],[-80.0178,40.44793],[-80.017839,40.447821]]}},{"type":"Feature","properties":{"routeId":"61A","shortName":"61A","color":"#1e90ff","shapeId":"shp-61A-54"},"geometry":{"type":"LineString","coordinates":[[-80.002297,40.441494],[-80.00249,40.441575],[-80.002664,40.4417],[-80.00249,40.441747],[-80.002316,40.441795],[-80.002141,40.441843],[-80.001967,40.44189],[-80.001792,40.441938],[-80.001618,40.441986],[-80.001443,40.442033],[-80.001269,40.442081],[-80.00111,40.442123],[-80.000951,40.442165],[-80.000792,40.442207],[-80.000633,40.44225],[-80.000475,40.442292],[-80.000316,40.442334],[-80.000157,40.442376],[-80.00005,40.442318],[-79.999943,40.44226],[-79.999837,40.442203],[-79.99973,40.442145],[-79.999598,40.442096],[-79.999465,40.442047],[-79.999333,40.441998],[-79.999201,40.441949],[-79.999068,40.4419],[-79.998936,40.441851],[-79.998804,40.441802],[-79.998671,40.441754],[-79.998539,40.441705],[-79.998407,40.441656],[-79.998274,40.441607],[-79.998142,40.441558],[-79.99801,40.441509],[-79.997877,40.44146],[-79.997745,40.441411],[-79.997612,40.441362],[-79.99748,40.441313],[-79.997348,40.441264],[-79.997215,40.441215],[-79.997083,40.441166],[-79.996951,40.441117],[-79.996818,40.441068],[-79.996686,40.441019],[-79.996554,40.440971],[-79.996421,40.440922],[-79.996289,40.440873],[-79.996157,40.440824],[-79.996024,40.440775],[-79.995892,40.440726],[-79.99576,40.440677],[-79.99548,40.44062],[-79.995495,40.440579],[-79.99548,40.44062],[-79.9954,40.4406],[-79.99527,40.440555],[-79.99514,40.44051],[-79.99507,40.44049],[-79.99486,40.44042],[-79.99478,40.44039],[-79.99466,40.44036],[-79.99459,40.44032],[-79.99454,40.4403],[-79.9945,40.44028],[-79.99446,40.44026],[-79.99442,40.44023],[-79.99437,40.44019],[-79.99433,40.44016],[-79.9943,40.44013],[-79.99428,40.4401],[-79.9942,40.43993],[-79.99423,40.43983],[-79.99426,40.43975],[-79.9943,40.43967],[-79.99433,40.43962],[-79.99434,40.43959],[-79.99435,40.43956],[-79.99445,40.439395],[-79.99455,40.43923],[-79.99465,40.43907],[-79.99473,40.43895],[-79.99475,40.43891],[-79.99476,40.43884],[-79.99476,40.43881],[-79.99475,40.43877],[-79.994685,40.438655],[-79.99462,40.43854],[-79.99454,40.4384],[-79.99449,40.43832],[-79.994425,40.43823],[-79.99436,40.43814],[-79.99435,40.43811],[-79.99435,40.43809],[-79.99433,40.43806],[-79.99427,40.43805],[-79.9942,40.43805],[-79.994065,40.43805],[-79.99393,40.43805],[-79.99373,40.438045],[-79.99353,40.43804],[-79.993535,40.437995],[-79.99353,40.43804],[-79.99332,40.43804],[-79.993147,40.43803],[-79.992975,40.43802],[-79.992802,40.43801],[-79.99263,40.438],[-79.99238,40.43799],[-79.992245,40.437985],[-79.99211,40.43798],[-79.99197,40.43797],[-79.9918,40.43796],[-79.99165,40.43796],[-79.99157,40.43795],[-79.991405,40.437945],[-79.99124,40.43794],[-79.991234,40.43795],[-79.99124,40.43794],[-79.99104,40.43793],[-79.990909,40.437924],[-79.990777,40.437918],[-79.990646,40.437911],[-79.990515,40.437905],[-79.990384,40.437899],[-79.990252,40.437893],[-79.990121,40.437886],[-79.98999,40.43788],[-79.989835,40.437875],[-79.98968,40.43787],[-79.989525,40.437865],[-79.98937,40.43786],[-79.98925,40.43785],[-79.989,40.437845],[-79.98875,40.43784],[-79.98862,40.43783],[-79.98849,40.43782],[-79.988495,40.43779],[-79.98849,40.43782],[-79.98836,40.43782],[-79.98812,40.43781],[-79.98788,40.4378],[-79.987702,40.437793],[-79.987525,40.437785],[-79.987347,40.437778],[-79.98717,40.43777],[-79.98693,40.43776],[-79.98669,40.43775],[-79.986693,40.437715],[-79.98669,40.43775],[-79.98654,40.43775],[-79.986412,40.437743],[-79.986285,40.437735],[-79.986157,40.437728],[-79.98603,40.43772],[-79.98582,40.437705],[-79.98561,40.43769],[-79.98545,40.43768],[-79.98529,40.43767],[-79.985293,40.437633],[-79.98529,40.43767],[-79.98515,40.43767],[-79.984947,40.43766],[-79.984745,40.43765],[-79.984542,40.43764],[-79.98434,40.43763],[-79.98423,40.43762],[-79.984056,40.437614],[-79.983882,40.437608],[-79.983709,40.437601],[-79.983535,40.437595],[-79.983361,40.437589],[-79.983187,40.437583],[-79.983014,40.437576],[-79.98284,40.43757],[-79.982842,40.437528],[-79.98284,40.43757],[-79.98267,40.43756],[-79.982515,40.437553],[-79.98236,40.437545],[-79.982205,40.437538],[-79.98205,40.43753],[-79.98187,40.437525],[-79.98169,40.43752],[-79.981691,40.437476],[-79.98169,40.43752],[-79.98144,40.43751],[-79.981265,40.437503],[-79.98109,40.437495],[-79.980915,40.437488],[-79.98074,40.43748],[-79.980565,40.437473],[-79.98039,40.437465],[-79.980215,40.437458],[-79.98004,40.43745],[-79.979835,40.43744],[-79.97963,40.43743],[-79.979635,40.437387],[-79.97963,40.43743],[-79.97951,40.43743],[-79.979305,40.43742],[-79.9791,40.43741],[-79.978855,40.4374],[-79.97861,40.43739],[-79.978385,40.43738],[-79.97816,40.43737],[-79.97799,40.43736],[-79.977997,40.437332],[-79.97799,40.43736],[-79.97786,40.437355],[-79.97773,40.43735],[-79.97749,40.437335],[-79.97725,40.43732],[-79.97724,40.43732],[-79.977007,40.43731],[-79.976775,40.4373],[-79.976542,40.43729],[-79.97631,40.43728],[-79.97613,40.43728],[-79.976135,40.437241],[-79.97613,40.43728],[-79.97595,40.43727],[-79.97581,40.437265],[-79.97567,40.43726],[-79.97551,40.43725],[-79.97545,40.43725],[-79.975205,40.43724],[-79.97496,40.43723],[-79.97481,40.43722],[-79.974813,40.437179],[-79.97481,40.43722],[-79.97473,40.43721],[-79.97449,40.4372],[-79.974312,40.437193],[-79.974135,40.437185],[-79.973957,40.437178],[-79.97378,40.43717],[-79.97364,40.437165],[-79.9735,40.43716],[-79.97346,40.43716],[-79.97326,40.43715],[-79.97315,40.43716],[-79.97304,40.43715],[-79.97296,40.43714],[-79.9729,40.43714],[-79.97286,40.43714],[-79.9728,40.43713],[-79.97275,40.43712],[-79.97272,40.43712],[-79.97266,40.43711],[-79.97258,40.4371],[-79.97243,40.43707],[-79.97227,40.43703],[-79.97221,40.43702],[-79.9721,40.43699],[-79.97198,40.43696],[-79.97185,40.43692],[-79.97171,40.43688],[-79.97165,40.43686],[-79.97143,40.43679],[-79.97133,40.43675],[-79.97126,40.43672],[-79.97125,40.43672],[-79.97124,40.43672],[-79.97123,40.43671],[-79.97118,40.43668],[-79.9711,40.43664],[-79.97101,40.4366],[-79.97088,40.43654],[-79.97069,40.43648],[-79.97059,40.43645],[-79.97055,40.43644],[-79.97036,40.43639],[-79.97013,40.43633],[-79.96998,40.43629],[-79.96995,40.43628],[-79.96991,40.43627],[-79.96976,40.43623],[-79.96969,40.43621],[-79.96968,40.43621],[-79.96963,40.4362],[-79.96946,40.43615],[-79.96943,40.43615],[-79.9694,40.43614],[-79.96935,40.43613],[-79.96925,40.4361],[-79.96914,40.43607],[-79.96911,40.43606],[-79.96903,40.43605],[-79.96899,40.43604],[-79.96877,40.43599],[-79.96858,40.43595],[-79.96857,40.43595],[-79.96848,40.43594],[-79.96842,40.43593],[-79.96837,40.43592],[-79.96821,40.4359],[-79.96819,40.4359],[-79.96814,40.43589],[-79.96811,40.43589],[-79.9681,40.43589],[-79.96799,40.43588],[-79.96796,40.43588],[-79.96787,40.43587],[-79.96779,40.43587],[-79.96773,40.43586],[-79.96756,40.43586],[-79.96736,40.43586],[-79.96716,40.43585],[-79.967,40.43585],[-79.966845,40.435845],[-79.96669,40.43584],[-79.96665,40.43584],[-79.96659,40.43584],[-79.9665,40.43584],[-79.96646,40.43584],[-79.96643,40.43584],[-79.96642,40.43584],[-79.9664,40.43584],[-79.96639,40.43584],[-79.96637,40.43584],[-79.96635,40.43584],[-79.96633,40.43584],[-79.966155,40.435835],[-79.96598,40.43583],[-79.965835,40.43583],[-79.96569,40.43583],[-79.96555,40.43582],[-79.96542,40.43583],[-79.96535,40.43583],[-79.96528,40.43583],[-79.9652,40.43584],[-79.96512,40.43585],[-79.96503,40.43586],[-79.96492,40.43588],[-79.96483,40.43591],[-79.96478,40.43593],[-79.96473,40.43596],[-79.96468,40.43598],[-79.96462,40.43603],[-79.96444,40.43616],[-79.964335,40.436235],[-79.96423,40.43631],[-79.964125,40.436385],[-79.96402,40.43646],[-79.96386,40.43658],[-79.96382,40.43661],[-79.96377,40.43664],[-79.9636,40.43677],[-79.963425,40.436895],[-79.96325,40.43702],[-79.96311,40.43712],[-79.963005,40.437195],[-79.9629,40.43727],[-79.962845,40.437225],[-79.9629,40.43727],[-79.962795,40.437345],[-79.96269,40.43742],[-79.96259,40.4375],[-79.96243,40.43762],[-79.96242,40.43762],[-79.96236,40.43766],[-79.96219,40.437785],[-79.96202,40.43791],[-79.961878,40.438015],[-79.961735,40.43812],[-79.961593,40.438225],[-79.96141,40.43835],[-79.961409,40.438295],[-79.96141,40.43835],[-79.96124,40.43847],[-79.961105,40.43857],[-79.96097,40.43867],[-79.9608,40.438795],[-79.96063,40.43892],[-79.96059,40.43895],[-79.96046,40.43904],[-79.96034,40.43913],[-79.96019,40.43923],[-79.960073,40.439318],[-79.959955,40.439405],[-79.959838,40.439493],[-79.95972,40.43958],[-79.9596,40.43966],[-79.95954,40.43971],[-79.9595,40.43967],[-79.95954,40.43971],[-79.95944,40.43978],[-79.95929,40.43989],[-79.959135,40.44],[-79.95898,40.44011],[-79.95883,40.44022],[-79.958655,40.44035],[-79.95848,40.44048],[-79.95833,40.44058],[-79.95818,40.44069],[-79.95803,40.4408],[-79.95788,40.44091],[-79.95773,40.44102],[-79.957685,40.440987],[-79.95773,40.44102],[-79.95763,40.44109],[-79.957468,40.44121],[-79.957305,40.44133],[-79.957143,40.44145],[-79.95698,40.44157],[-79.95681,40.44169],[-79.95664,40.44181],[-79.956535,40.441885],[-79.95643,40.44196],[-79.956265,40.44208],[-79.9561,40.4422],[-79.956062,40.442173],[-79.9561,40.4422],[-79.95607,40.44223],[-79.95589,40.44235],[-79.95575,40.44246],[-79.9557,40.44249],[-79.95557,40.44258],[-79.95551,40.44262],[-79.95541,40.44268],[-79.95529,40.44272],[-79.95517,40.44276],[-79.95494,40.44282],[-79.95482,40.44285],[-79.9547,40.44288],[-79.95454,40.44292],[-79.95432,40.44298],[-79.954095,40.44304],[-79.95387,40.4431],[-79.95386,40.4431],[-79.953835,40.443052],[-79.95386,40.4431],[-79.9537,40.44314],[-79.95355,40.44318],[-79.95344,40.44321],[-79.95334,40.44324],[-79.95315,40.44329],[-79.95306,40.44331],[-79.95298,40.44333],[-79.95276,40.44339],[-79.95266,40.44342],[-79.95255,40.44345],[-79.95238,40.44349],[-79.95231,40.44351],[-79.95225,40.44353],[-79.95214,40.44355],[-79.95197,40.443595],[-79.9518,40.44364],[-79.95166,40.443675],[-79.95152,40.44371],[-79.951492,40.443642],[-79.95152,40.44371],[-79.95141,40.44374],[-79.951215,40.44379],[-79.95102,40.44384],[-79.950885,40.443875],[-79.95075,40.44391],[-79.9506,40.44394],[-79.95045,40.44397],[-79.95023,40.44402],[-79.95005,40.44407],[-79.9499,40.44411],[-79.94975,40.44415],[-79.94962,40.44419],[-79.94943,40.44424],[-79.9494,40.44425],[-79.94927,40.44428],[-79.94909,40.444325],[-79.94891,40.44437],[-79.948893,40.444327],[-79.94891,40.44437],[-79.948785,40.4444],[-79.94866,40.44443],[-79.948505,40.444443],[-79.94835,40.444455],[-79.948195,40.444468],[-79.94804,40.44448],[-79.9479,40.444485],[-79.94776,40.44449],[-79.94756,40.44451],[-79.94743,40.444513],[-79.9473,40.444515],[-79.94717,40.444518],[-79.94704,40.44452],[-79.94687,40.44452],[-79.9468,40.44452],[-79.94677,40.44453],[-79.94674,40.44453],[-79.94664,40.44453],[-79.9466,40.44453],[-79.94657,40.44453],[-79.94644,40.44454],[-79.94632,40.44454],[-79.9463,40.44454],[-79.94627,40.44454],[-79.94606,40.44455],[-79.94604,40.44455],[-79.9459,40.44455],[-79.94577,40.444555],[-79.94564,40.44456],[-79.9454,40.44457],[-79.94516,40.44458],[-79.94513,40.44458],[-79.94494,40.44459],[-79.94473,40.44459],[-79.94453,40.4446],[-79.94444,40.4446],[-79.94424,40.44461],[-79.94404,40.44462],[-79.94397,40.44462],[-79.94383,40.44463],[-79.943635,40.444635],[-79.94344,40.44464],[-79.94331,40.44464],[-79.9431,40.44463],[-79.94303,40.44463],[-79.94289,40.44462],[-79.94269,40.44459],[-79.94249,40.44456],[-79.94227,40.44452],[-79.942291,40.444458],[-79.94227,40.44452],[-79.9421,40.44449],[-79.94201,40.44448],[-79.94194,40.44447],[-79.94181,40.444445],[-79.94168,40.44442],[-79.94163,40.44441],[-79.94155,40.4444],[-79.94143,40.44438],[-79.94129,40.44436],[-79.94121,40.44434],[-79.94105,40.44432],[-79.94086,40.44428],[-79.94067,40.44425],[-79.94044,40.44421],[-79.94021,40.44417],[-79.94016,40.44417],[-79.94007,40.44415],[-79.93989,40.44412],[-79.939752,40.444095],[-79.939615,40.44407],[-79.939477,40.444045],[-79.93934,40.44402],[-79.93915,40.44398],[-79.93896,40.44394],[-79.9389,40.44392],[-79.938933,40.443865],[-79.9389,40.44392],[-79.93882,40.44389],[-79.93875,40.44386],[-79.93869,40.44383],[-79.9386,40.44373],[-79.93849,40.44363],[-79.93837,40.443495],[-79.93825,40.44336],[-79.93815,40.44326],[-79.938045,40.44314],[-79.93794,40.44302],[-79.93784,40.442915],[-79.93774,40.44281],[-79.93778,40.442789],[-79.93774,40.44281],[-79.937665,40.44273],[-79.93759,40.44265],[-79.937495,40.44255],[-79.9374,40.44245],[-79.93736,40.4424],[-79.93731,40.44235],[-79.9372,40.44223],[-79.93718,40.44221],[-79.93709,40.44211],[-79.93698,40.44199],[-79.93687,40.44187],[-79.936782,40.441778],[-79.936695,40.441685],[-79.936607,40.441593],[-79.93652,40.4415],[-79.936395,40.441365],[-79.93627,40.44123],[-79.936187,40.44114],[-79.936105,40.44105],[-79.936022,40.44096],[-79.93594,40.44087],[-79.935815,40.44073],[-79.93569,40.44059],[-79.935719,40.440575],[-79.93569,40.44059],[-79.93565,40.44056],[-79.93557,40.44047],[-79.93549,40.44038],[-79.935414,40.440299],[-79.935337,40.440218],[-79.935261,40.440136],[-79.935185,40.440055],[-79.935109,40.439974],[-79.935032,40.439893],[-79.934956,40.439811],[-79.93488,40.43973],[-79.934757,40.439595],[-79.934635,40.43946],[-79.934512,40.439325],[-79.93439,40.43919],[-79.93425,40.43904],[-79.9342,40.43898],[-79.934247,40.438956],[-79.9342,40.43898],[-79.93412,40.4389],[-79.93401,40.43878],[-79.93387,40.43863],[-79.93381,40.43857],[-79.93372,40.438475],[-79.93363,40.43838],[-79.93356,40.4383],[-79.93345,40.438175],[-79.93334,40.43805],[-79.93328,40.438],[-79.933358,40.437974],[-79.93328,40.438],[-79.93316,40.43789],[-79.93311,40.43785],[-79.93307,40.43782],[-79.93301,40.43779],[-79.93284,40.43773],[-79.93276,40.43774],[-79.93268,40.43774],[-79.93253,40.43775],[-79.93239,40.43776],[-79.93236,40.43776],[-79.932223,40.43777],[-79.932085,40.43778],[-79.931948,40.43779],[-79.93181,40.4378],[-79.9317,40.4378],[-79.93162,40.43781],[-79.931425,40.43782],[-79.93123,40.43783],[-79.93109,40.43784],[-79.93095,40.43785],[-79.93084,40.43785],[-79.930837,40.437806],[-79.93084,40.43785],[-79.93072,40.43785],[-79.93056,40.43787],[-79.9304,40.43789],[-79.93031,40.43789],[-79.93025,40.4379],[-79.930045,40.43791],[-79.92984,40.43792],[-79.92977,40.43793],[-79.92956,40.43794],[-79.92935,40.43795],[-79.929115,40.437965],[-79.92888,40.43798],[-79.928655,40.437995],[-79.92843,40.43801],[-79.9283,40.43802],[-79.92817,40.43803],[-79.92799,40.43804],[-79.927988,40.437986],[-79.92799,40.43804],[-79.927845,40.43805],[-79.9277,40.43806],[-79.927563,40.438068],[-79.927425,40.438075],[-79.927288,40.438083],[-79.92715,40.43809],[-79.92709,40.43809],[-79.92699,40.43809],[-79.92691,40.43809],[-79.92676,40.43809],[-79.92661,40.43809],[-79.9264,40.43809],[-79.92619,40.43809],[-79.92603,40.43808],[-79.925895,40.43808],[-79.92576,40.43808],[-79.925625,40.43808],[-79.92549,40.43808],[-79.92535,40.43808],[-79.925165,40.43808],[-79.92498,40.43808],[-79.924755,40.438075],[-79.92453,40.43807],[-79.92433,40.43807],[-79.92417,40.43807],[-79.924015,40.43807],[-79.92386,40.43807],[-79.92361,40.43807],[-79.9235,40.43807],[-79.92335,40.438065],[-79.9232,40.43806],[-79.923198,40.43801],[-79.9232,40.43806],[-79.923,40.43805],[-79.92297,40.43806],[-79.92282,40.43806],[-79.92267,40.43806],[-79.92252,40.43806],[-79.92237,40.43806],[-79.92224,40.43806],[-79.92211,40.43806],[-79.921955,40.438058],[-79.9218,40.438055],[-79.921645,40.438053],[-79.92149,40.43805],[-79.92136,40.43805],[-79.92123,40.43805],[-79.92109,40.43805],[-79.92087,40.43805],[-79.92072,40.43805],[-79.92048,40.43805],[-79.92025,40.438045],[-79.92002,40.43804],[-79.91978,40.43804],[-79.91958,40.43804],[-79.919581,40.438],[-79.91958,40.43804],[-79.91955,40.43804],[-79.91935,40.43805],[-79.91912,40.43805],[-79.91895,40.43805],[-79.91882,40.43805],[-79.91873,40.43805],[-79.91855,40.43805],[-79.91837,40.43805],[-79.9182,40.43805],[-79.91806,40.43805],[-79.918058,40.438005],[-79.91806,40.43805],[-79.91795,40.43805],[-79.91789,40.43805],[-79.91772,40.43805],[-79.917515,40.43805],[-79.91731,40.43805],[-79.91708,40.43805],[-79.91686,40.43805],[-79.91664,40.43805],[-79.916505,40.43805],[-79.91637,40.43805],[-79.916373,40.438003],[-79.91637,40.43805],[-79.91613,40.43805],[-79.915895,40.438045],[-79.91566,40.43804],[-79.91549,40.43804],[-79.91532,40.43804],[-79.915085,40.43804],[-79.91485,40.43804],[-79.91461,40.43804],[-79.91437,40.43804],[-79.91431,40.43804],[-79.91414,40.43804],[-79.91397,40.43804],[-79.91377,40.43804],[-79.91353,40.43804],[-79.91329,40.43804],[-79.91323,40.43804],[-79.913232,40.437994],[-79.91323,40.43804],[-79.91309,40.43804],[-79.912855,40.43804],[-79.91262,40.43804],[-79.91259,40.43804],[-79.91239,40.43804],[-79.91219,40.43804],[-79.91212,40.43803],[-79.911925,40.438025],[-79.91173,40.43802],[-79.91167,40.43802],[-79.91154,40.438015],[-79.91141,40.43801],[-79.911225,40.43801],[-79.91104,40.43801],[-79.91096,40.43801],[-79.910753,40.43801],[-79.910545,40.43801],[-79.910338,40.43801],[-79.91013,40.43801],[-79.909925,40.438015],[-79.90972,40.43802],[-79.90966,40.43802],[-79.909485,40.43802],[-79.90931,40.43802],[-79.90907,40.43802],[-79.90904,40.43802],[-79.90885,40.43802],[-79.90883,40.43802],[-79.90879,40.43802],[-79.90878,40.43802],[-79.90872,40.43802],[-79.908573,40.438023],[-79.908425,40.438025],[-79.908278,40.438028],[-79.90813,40.43803],[-79.90808,40.43803],[-79.90789,40.43809],[-79.90771,40.43809],[-79.90765,40.43809],[-79.90744,40.43809],[-79.90723,40.43809],[-79.90718,40.43809],[-79.90694,40.4381],[-79.90671,40.4381],[-79.90647,40.4381],[-79.906335,40.438103],[-79.9062,40.438105],[-79.906065,40.438108],[-79.90593,40.43811],[-79.90587,40.43811],[-79.90577,40.43811],[-79.90572,40.43811],[-79.90563,40.43811],[-79.90557,40.43812],[-79.90554,40.43812],[-79.9053,40.43815],[-79.90516,40.43818],[-79.90502,40.43821],[-79.90487,40.43825],[-79.90481,40.43827],[-79.90466,40.43832],[-79.9046,40.43835],[-79.904445,40.438413],[-79.90429,40.438475],[-79.904135,40.438538],[-79.90398,40.4386],[-79.90383,40.43866],[-79.90362,40.438745],[-79.90341,40.43883],[-79.90336,40.43884],[-79.90334,40.43885],[-79.90333,40.43886],[-79.90321,40.43891],[-79.903095,40.43895],[-79.90298,40.43899],[-79.90284,40.439045],[-79.9027,40.4391],[-79.90256,40.43916],[-79.902345,40.439245],[-79.90213,40.43933],[-79.90201,40.43937],[-79.90181,40.43941],[-79.90171,40.43943],[-79.90168,40.43943],[-79.90153,40.43945],[-79.90145,40.43946],[-79.90122,40.43947],[-79.90113,40.43947],[-79.90109,40.43948],[-79.90101,40.43948],[-79.90094,40.43948],[-79.90078,40.43949],[-79.90062,40.4395],[-79.90039,40.43951],[-79.90031,40.43952],[-79.90026,40.43952],[-79.90018,40.43953],[-79.90013,40.43953],[-79.899905,40.43954],[-79.89968,40.43955],[-79.89954,40.43956],[-79.89946,40.43956],[-79.89927,40.43957],[-79.89904,40.43958],[-79.8988,40.43959],[-79.89856,40.4396],[-79.898395,40.439605],[-79.89823,40.43961],[-79.89804,40.43962],[-79.897845,40.439645],[-79.89765,40.43967],[-79.89745,40.43968],[-79.89725,40.43969],[-79.89705,40.4397],[-79.896855,40.439715],[-79.89666,40.43973],[-79.89666,40.439716],[-79.89666,40.43973],[-79.89648,40.43974],[-79.896285,40.43975],[-79.89609,40.43976],[-79.896,40.43976],[-79.89585,40.43969],[-79.895635,40.439613],[-79.89542,40.439535],[-79.895205,40.439458],[-79.89499,40.43938],[-79.895012,40.439354],[-79.89499,40.43938],[-79.89481,40.43931],[-79.894783,40.439423],[-79.894755,40.439535],[-79.894728,40.439648],[-79.8947,40.43976],[-79.894652,40.439758],[-79.8947,40.43976],[-79.89468,40.43984],[-79.89464,40.44001],[-79.8946,40.44018],[-79.89456,40.44035],[-79.89452,40.44052],[-79.89448,40.440685],[-79.89444,40.44085],[-79.8944,40.441015],[-79.89436,40.44118],[-79.894316,40.441162],[-79.89436,40.44118],[-79.89435,40.44124],[-79.894195,40.44124],[-79.89404,40.44124],[-79.893868,40.44124],[-79.893695,40.44124],[-79.893523,40.44124],[-79.89335,40.44124],[-79.893215,40.441243],[-79.89308,40.441245],[-79.892945,40.441248],[-79.89281,40.44125],[-79.892655,40.441255],[-79.8925,40.44126],[-79.892502,40.441217],[-79.8925,40.44126],[-79.89238,40.44126],[-79.89228,40.44126],[-79.89203,40.44126],[-79.89182,40.44125],[-79.89169,40.44124],[-79.89156,40.44123],[-79.89144,40.44122],[-79.8914,40.44121],[-79.891419,40.441169],[-79.8914,40.44121],[-79.89138,40.44121],[-79.89127,40.44115],[-79.89106,40.44107],[-79.89104,40.44106],[-79.89088,40.441015],[-79.89072,40.44097],[-79.89057,40.44092],[-79.89042,40.44087],[-79.89027,40.44082],[-79.89021,40.4408],[-79.89019,40.44079],[-79.89017,40.44078],[-79.890032,40.440735],[-79.889895,40.44069],[-79.889757,40.440645],[-79.88962,40.4406],[-79.889636,40.440568],[-79.88962,40.4406],[-79.88954,40.44057],[-79.889322,40.440498],[-79.889105,40.440425],[-79.888887,40.440353],[-79.88867,40.44028],[-79.888525,40.44023],[-79.88838,40.44018],[-79.88827,40.44015],[-79.88829,40.440118],[-79.88827,40.44015],[-79.88816,40.44011],[-79.888055,40.44026],[-79.88795,40.44041],[-79.88791,40.44044],[-79.88787,40.44046],[-79.88781,40.44048],[-79.88775,40.4405],[-79.88772,40.4405],[-79.88769,40.44051],[-79.8875,40.44054],[-79.88731,40.440575],[-79.88712,40.44061],[-79.887099,40.440555],[-79.88712,40.44061],[-79.886975,40.44064],[-79.88683,40.44067],[-79.88666,40.44073],[-79.88661,40.44076],[-79.8865,40.44081],[-79.88643,40.44085],[-79.88633,40.44089],[-79.886235,40.441055],[-79.88614,40.44122],[-79.886095,40.441207],[-79.88614,40.44122],[-79.8861,40.4413],[-79.886035,40.44141],[-79.88597,40.44152],[-79.885905,40.44163],[-79.88584,40.44174],[-79.88577,40.441865],[-79.8857,40.44199],[-79.885658,40.441975],[-79.8857,40.44199],[-79.88564,40.44209],[-79.885584,40.442189],[-79.885528,40.442288],[-79.885471,40.442386],[-79.885415,40.442485],[-79.885359,40.442584],[-79.885303,40.442683],[-79.885246,40.442781],[-79.88519,40.44288],[-79.88513,40.44286],[-79.885015,40.44282],[-79.8849,40.44278],[-79.88468,40.44271],[-79.88455,40.44267],[-79.88435,40.4426],[-79.884225,40.442555],[-79.8841,40.44251],[-79.88411,40.442493],[-79.8841,40.44251],[-79.88393,40.44246],[-79.88372,40.44239],[-79.88358,40.44234],[-79.88341,40.442285],[-79.88324,40.44223],[-79.883057,40.44217],[-79.882875,40.44211],[-79.882692,40.44205],[-79.88251,40.44199],[-79.882529,40.44196],[-79.88251,40.44199],[-79.88238,40.44195],[-79.88216,40.44187],[-79.881975,40.44181],[-79.88179,40.44175],[-79.881585,40.44168],[-79.88138,40.44161],[-79.881394,40.441581],[-79.88138,40.44161],[-79.88118,40.44155],[-79.88098,40.44148],[-79.88091,40.44146],[-79.88089,40.44145],[-79.88088,40.44145],[-79.88068,40.44138],[-79.88066,40.44138],[-79.880485,40.44132],[-79.88031,40.44126],[-79.880135,40.4412],[-79.87996,40.44114],[-79.879977,40.44111],[-79.87996,40.44114],[-79.87981,40.44109],[-79.879592,40.441018],[-79.879375,40.440945],[-79.879157,40.440873],[-79.87894,40.4408],[-79.87893,40.4408],[-79.87874,40.440738],[-79.87855,40.440675],[-79.87836,40.440613],[-79.87817,40.44055],[-79.878238,40.440438],[-79.878305,40.440325],[-79.878373,40.440213],[-79.87844,40.4401],[-79.87844,40.44009],[-79.87853,40.439925],[-79.87862,40.43976],[-79.878675,40.439663],[-79.87873,40.439565],[-79.878785,40.439468],[-79.87884,40.43937],[-79.87892,40.439235],[-79.879,40.4391],[-79.87902,40.43906],[-79.879097,40.439083],[-79.87902,40.43906],[-79.87908,40.43897],[-79.879143,40.438868],[-79.879205,40.438765],[-79.879268,40.438663],[-79.87933,40.43856],[-79.87936,40.43852],[-79.879435,40.43841],[-79.87951,40.4383],[-79.87957,40.438319],[-79.87951,40.4383],[-79.87958,40.43819],[-79.87965,40.438073],[-79.87972,40.437955],[-79.87979,40.437838],[-79.87986,40.43772],[-79.87987,40.43771],[-79.87994,40.43758],[-79.87996,40.43754],[-79.88004,40.43742],[-79.88007,40.43738],[-79.88011,40.43732],[-79.88016,40.43722],[-79.88024,40.4371],[-79.88025,40.43709],[-79.88032,40.437],[-79.8804,40.43691],[-79.88045,40.43687],[-79.88052,40.4368],[-79.88057,40.43677],[-79.880608,40.436793],[-79.88057,40.43677],[-79.880685,40.43667],[-79.8808,40.43657],[-79.88081,40.43656],[-79.88084,40.43653],[-79.88087,40.43651],[-79.880975,40.43642],[-79.88108,40.43633],[-79.8812,40.436225],[-79.88132,40.43612],[-79.88143,40.43602],[-79.88154,40.43592],[-79.8816,40.43587],[-79.881643,40.435899],[-79.8816,40.43587],[-79.88166,40.43582],[-79.88177,40.43572],[-79.88188,40.43562],[-79.88197,40.43554],[-79.88204,40.43548],[-79.88205,40.43547],[-79.882168,40.43537],[-79.882285,40.43527],[-79.882403,40.43517],[-79.88252,40.43507],[-79.88255,40.43505],[-79.882655,40.43496],[-79.88276,40.43487],[-79.882796,40.434899],[-79.88276,40.43487],[-79.88282,40.43482],[-79.88287,40.43478],[-79.882998,40.434673],[-79.883125,40.434565],[-79.883253,40.434458],[-79.88338,40.43435],[-79.88353,40.43422],[-79.88363,40.434135],[-79.88373,40.43405],[-79.88387,40.43393],[-79.884025,40.4338],[-79.88418,40.43367],[-79.884335,40.43354],[-79.88449,40.43341],[-79.884625,40.43329],[-79.88478,40.43315],[-79.884816,40.433212],[-79.88478,40.43315],[-79.8848,40.43311],[-79.88478,40.43306],[-79.884752,40.432925],[-79.884725,40.43279],[-79.884697,40.432655],[-79.88467,40.43252],[-79.884647,40.432403],[-79.884625,40.432285],[-79.884602,40.432168],[-79.88458,40.43205],[-79.88456,40.43195],[-79.88454,40.43185],[-79.884601,40.431873],[-79.88454,40.43185],[-79.884517,40.431753],[-79.884495,40.431655],[-79.884472,40.431558],[-79.88445,40.43146],[-79.884425,40.431275],[-79.8844,40.43109],[-79.88439,40.43096],[-79.88439,40.43093],[-79.884385,40.430825],[-79.88438,40.43072],[-79.88437,40.4306],[-79.88437,40.43041],[-79.88437,40.43022],[-79.88437,40.43015],[-79.88439,40.42999],[-79.88439,40.4299],[-79.8844,40.42987],[-79.8844,40.42984],[-79.8844,40.42983],[-79.8844,40.42981],[-79.884415,40.4297],[-79.88443,40.42959],[-79.88445,40.42946],[-79.88447,40.42932],[-79.8845,40.429185],[-79.88453,40.42905],[-79.88455,40.428955],[-79.88458,40.42884],[-79.884637,40.428851],[-79.88458,40.42884],[-79.88461,40.428745],[-79.88464,40.42865],[-79.88467,40.428555],[-79.8847,40.42846],[-79.884743,40.42833],[-79.884785,40.4282],[-79.884828,40.42807],[-79.88487,40.42794],[-79.884915,40.427805],[-79.88496,40.42767],[-79.885005,40.427535],[-79.88505,40.4274],[-79.8851,40.42724],[-79.88516,40.42707],[-79.88522,40.4269],[-79.88524,40.42681],[-79.885278,40.426817],[-79.88524,40.42681],[-79.88529,40.42667],[-79.885335,40.42653],[-79.88538,40.42639],[-79.88539,40.42636],[-79.885445,40.42619],[-79.8855,40.42602],[-79.88556,40.42584],[-79.88559,40.42575],[-79.88563,40.42562],[-79.885681,40.425625],[-79.88563,40.42562],[-79.88563,40.42561],[-79.88567,40.4255],[-79.885718,40.425358],[-79.885765,40.425215],[-79.885813,40.425073],[-79.88586,40.42493],[-79.88589,40.42486],[-79.88592,40.42477],[-79.88596,40.42465],[-79.885998,40.424655],[-79.88596,40.42465],[-79.88599,40.42453],[-79.886035,40.424395],[-79.88608,40.42426],[-79.886125,40.424125],[-79.88617,40.42399],[-79.8862,40.42392],[-79.886245,40.42377],[-79.88629,40.42362],[-79.886339,40.423629],[-79.88629,40.42362],[-79.88631,40.42357],[-79.886355,40.423405],[-79.8864,40.42324],[-79.8864,40.42322],[-79.88641,40.4232],[-79.88641,40.42316],[-79.88642,40.42313],[-79.88641,40.42309],[-79.88639,40.42304],[-79.88638,40.42302],[-79.88636,40.42298],[-79.88633,40.42295],[-79.88623,40.422845],[-79.88613,40.42274],[-79.88607,40.42268],[-79.88603,40.42264],[-79.88602,40.42262],[-79.88601,40.42253],[-79.88585,40.42242],[-79.886035,40.42231],[-79.88622,40.4222],[-79.886253,40.422234],[-79.88622,40.4222],[-79.88631,40.42215],[-79.88637,40.42212],[-79.88643,40.42208],[-79.88652,40.42203],[-79.88656,40.422],[-79.88661,40.42197],[-79.88663,40.42194],[-79.88665,40.42193],[-79.88665,40.42192],[-79.88664,40.42191],[-79.88661,40.42184],[-79.88661,40.42183],[-79.886532,40.421753],[-79.886455,40.421675],[-79.886377,40.421598],[-79.8863,40.42152],[-79.88627,40.42149],[-79.886291,40.421473],[-79.88627,40.42149],[-79.88619,40.42141],[-79.88611,40.42133],[-79.886035,40.421253],[-79.88596,40.421175],[-79.885885,40.421098],[-79.88581,40.42102],[-79.88573,40.420945],[-79.88565,40.42087],[-79.88556,40.42077],[-79.88547,40.42067],[-79.88537,40.42061],[-79.88522,40.42052],[-79.88509,40.42045],[-79.884935,40.420375],[-79.88478,40.4203],[-79.884806,40.420272],[-79.88478,40.4203],[-79.88467,40.42025],[-79.884765,40.420115],[-79.88486,40.41998],[-79.884925,40.419885],[-79.88499,40.41979],[-79.885055,40.419695],[-79.88512,40.4196],[-79.88506,40.41957],[-79.88489,40.41946],[-79.88474,40.41937],[-79.88457,40.41927],[-79.88438,40.41916],[-79.884408,40.419126],[-79.88438,40.41916],[-79.88425,40.41908],[-79.884062,40.41897],[-79.883875,40.41886],[-79.883687,40.41875],[-79.8835,40.41864],[-79.883337,40.418543],[-79.883175,40.418445],[-79.883012,40.418348],[-79.88285,40.41825],[-79.88273,40.41818],[-79.882763,40.418155],[-79.88273,40.41818],[-79.88265,40.41813],[-79.882485,40.418035],[-79.88232,40.41794],[-79.88217,40.41785],[-79.88215,40.41784],[-79.88197,40.417735],[-79.88179,40.41763],[-79.881645,40.41754],[-79.8815,40.41745],[-79.88131,40.41734],[-79.88118,40.417265],[-79.88105,40.41719],[-79.881084,40.417158],[-79.88105,40.41719],[-79.88096,40.41713],[-79.88077,40.417018],[-79.88058,40.416905],[-79.88039,40.416793],[-79.8802,40.41668],[-79.88001,40.41657],[-79.87982,40.41646],[-79.87964,40.41635],[-79.87945,40.41624],[-79.87926,40.41613],[-79.87908,40.41602],[-79.87889,40.41591],[-79.87883,40.41588],[-79.87874,40.41583],[-79.8787,40.41581],[-79.87873,40.415777],[-79.8787,40.41581],[-79.87867,40.4158],[-79.87856,40.41575],[-79.87834,40.41567],[-79.87813,40.4156],[-79.87795,40.41554],[-79.87789,40.41553],[-79.87783,40.41552],[-79.87777,40.41551],[-79.87771,40.4155],[-79.8775,40.41548],[-79.877255,40.41546],[-79.87701,40.41544],[-79.8769,40.41543],[-79.876907,40.415389],[-79.8769,40.41543],[-79.8768,40.41542],[-79.87678,40.41542],[-79.876635,40.415405],[-79.87649,40.41539],[-79.876295,40.415375],[-79.8761,40.41536],[-79.87605,40.41536],[-79.87588,40.41534],[-79.87566,40.41529],[-79.87552,40.41525],[-79.87538,40.41521],[-79.875235,40.415163],[-79.87509,40.415115],[-79.874945,40.415068],[-79.8748,40.41502],[-79.87468,40.41498],[-79.87459,40.41495],[-79.87437,40.41488],[-79.874385,40.414847],[-79.87437,40.41488],[-79.87426,40.41484],[-79.87424,40.41483],[-79.874025,40.41476],[-79.87381,40.41469],[-79.87378,40.41468],[-79.87374,40.41467],[-79.87359,40.41462],[-79.873455,40.414575],[-79.87332,40.41453],[-79.87316,40.41447],[-79.87303,40.41443],[-79.87297,40.4144],[-79.87294,40.41439],[-79.87284,40.41435],[-79.87281,40.41433],[-79.872838,40.414304],[-79.87281,40.41433],[-79.87274,40.4143],[-79.87269,40.41428],[-79.87268,40.41427],[-79.87257,40.41421],[-79.87255,40.4142],[-79.87249,40.41416],[-79.87239,40.41411],[-79.87228,40.414045],[-79.87217,40.41398],[-79.872005,40.413885],[-79.87184,40.41379],[-79.871715,40.41372],[-79.87159,40.41365],[-79.87155,40.41362],[-79.87139,40.41352],[-79.871295,40.41345],[-79.8712,40.41338],[-79.87123,40.41335],[-79.871225,40.413345],[-79.87123,40.41335],[-79.8712,40.41338],[-79.87112,40.41331],[-79.87103,40.41323],[-79.87099,40.41318],[-79.87094,40.41312],[-79.87089,40.41307],[-79.87083,40.41299],[-79.87075,40.41291],[-79.87073,40.41289],[-79.8706,40.41273],[-79.87058,40.41271],[-79.87047,40.41258],[-79.87043,40.41254],[-79.87041,40.41252],[-79.87035,40.41245],[-79.87031,40.4124],[-79.87026,40.41235],[-79.87018,40.41225],[-79.87009,40.41215],[-79.87005,40.4121],[-79.87004,40.41209],[-79.87,40.41204],[-79.86995,40.41199],[-79.86991,40.41195],[-79.86989,40.41194],[-79.869939,40.41191],[-79.86989,40.41194],[-79.86984,40.41189],[-79.869725,40.41179],[-79.86961,40.41169],[-79.869495,40.41159],[-79.86938,40.41149],[-79.86937,40.41149],[-79.86921,40.41136],[-79.869045,40.41122],[-79.86888,40.41108],[-79.868915,40.41105],[-79.86888,40.41108],[-79.86881,40.41103],[-79.868717,40.410953],[-79.868625,40.410875],[-79.868532,40.410798],[-79.86844,40.41072],[-79.868336,40.410633],[-79.868232,40.410545],[-79.868129,40.410458],[-79.868025,40.41037],[-79.867921,40.410283],[-79.867817,40.410195],[-79.867714,40.410108],[-79.86761,40.41002],[-79.8676,40.41002],[-79.86744,40.40989],[-79.86729,40.40976],[-79.86713,40.409625],[-79.86697,40.40949],[-79.86691,40.40943],[-79.866944,40.409409],[-79.86691,40.40943],[-79.86682,40.40937],[-79.866675,40.40925],[-79.86653,40.40913],[-79.86638,40.409],[-79.866255,40.408895],[-79.86613,40.40879],[-79.866005,40.408685],[-79.86588,40.40858],[-79.86572,40.40845],[-79.865605,40.40835],[-79.86549,40.40825],[-79.865525,40.40822],[-79.86549,40.40825],[-79.8654,40.408175],[-79.86531,40.4081],[-79.86522,40.408025],[-79.86513,40.40795],[-79.86504,40.407875],[-79.86495,40.4078],[-79.86486,40.407725],[-79.86477,40.40765],[-79.86461,40.407515],[-79.86445,40.40738],[-79.86427,40.40726],[-79.86412,40.40716],[-79.86398,40.40706],[-79.86395,40.40704],[-79.86395,40.40703],[-79.86394,40.40703],[-79.86389,40.40699],[-79.863914,40.406967],[-79.86389,40.40699],[-79.86374,40.4069],[-79.86361,40.40681],[-79.86348,40.40672],[-79.86334,40.40663],[-79.863195,40.406535],[-79.86305,40.40644],[-79.86301,40.40641],[-79.86297,40.40638],[-79.86287,40.40632],[-79.86281,40.40628],[-79.86279,40.40626],[-79.86269,40.4062],[-79.86266,40.40617],[-79.86258,40.40612],[-79.86254,40.40609],[-79.86241,40.40601],[-79.86236,40.40597],[-79.86218,40.40585],[-79.86207,40.40578],[-79.86194,40.40567],[-79.86181,40.40556],[-79.861839,40.405536],[-79.86181,40.40556],[-79.86173,40.40549],[-79.86191,40.405365],[-79.86209,40.40524],[-79.86218,40.40518],[-79.86225,40.40513],[-79.86241,40.405],[-79.86258,40.40488],[-79.86247,40.40479],[-79.86236,40.4047],[-79.86225,40.40461],[-79.86214,40.40452],[-79.8621,40.40448],[-79.862136,40.404462],[-79.8621,40.40448],[-79.861935,40.404345],[-79.86177,40.40421],[-79.861895,40.40412],[-79.86202,40.40403],[-79.86217,40.40392],[-79.862265,40.40385],[-79.86236,40.40378],[-79.862455,40.40371],[-79.86255,40.40364],[-79.862579,40.403664],[-79.86255,40.40364],[-79.86263,40.40358],[-79.862745,40.4035],[-79.86286,40.40342],[-79.862767,40.403353],[-79.862675,40.403285],[-79.862582,40.403218],[-79.86249,40.40315],[-79.862362,40.403058],[-79.862235,40.402965],[-79.862107,40.402873],[-79.86198,40.40278],[-79.86181,40.40266],[-79.861635,40.40254],[-79.86146,40.40242],[-79.86129,40.40229],[-79.86116,40.4022],[-79.86103,40.40211],[-79.861069,40.402073],[-79.86103,40.40211],[-79.86095,40.40205],[-79.86104,40.40197],[-79.86113,40.4019],[-79.86115,40.40188],[-79.86131,40.40175],[-79.86139,40.40169],[-79.86156,40.40155],[-79.86173,40.40142],[-79.86189,40.40129],[-79.86205,40.40116],[-79.862175,40.40106],[-79.8623,40.40096],[-79.86246,40.40083],[-79.86247,40.40083],[-79.86258,40.40074],[-79.86274,40.40061],[-79.86274,40.4006],[-79.86291,40.40048],[-79.86296,40.40044],[-79.86298,40.40045],[-79.86296,40.40044],[-79.86302,40.40039],[-79.86314,40.400285],[-79.86326,40.40018],[-79.86334,40.40011],[-79.86337,40.40009],[-79.86353,40.39996],[-79.8637,40.39983],[-79.86378,40.39977],[-79.863955,40.399895],[-79.86413,40.40002],[-79.86418,40.40006],[-79.864135,40.400092],[-79.86418,40.40006],[-79.864355,40.40019],[-79.86453,40.40032],[-79.864635,40.400395],[-79.86474,40.40047],[-79.864845,40.400545],[-79.86495,40.40062],[-79.865097,40.400728],[-79.865245,40.400835],[-79.865392,40.400943],[-79.86554,40.40105],[-79.865502,40.401087],[-79.86554,40.40105],[-79.86572,40.40118],[-79.86588,40.4013],[-79.86604,40.40142],[-79.8661,40.40146],[-79.86619,40.40154],[-79.86631,40.40162],[-79.86649,40.40175],[-79.86645,40.401779],[-79.86649,40.40175],[-79.866584,40.40182],[-79.866677,40.40189],[-79.866771,40.40196],[-79.866865,40.40203],[-79.866959,40.4021],[-79.867052,40.40217],[-79.867146,40.40224],[-79.86724,40.40231],[-79.86737,40.40241],[-79.867512,40.402513],[-79.867655,40.402615],[-79.867797,40.402718],[-79.86794,40.40282],[-79.868067,40.402913],[-79.868195,40.403005],[-79.868322,40.403098],[-79.86845,40.40319],[-79.868412,40.40322],[-79.86845,40.40319],[-79.86858,40.40329],[-79.868493,40.403363],[-79.868405,40.403435],[-79.868318,40.403508],[-79.86823,40.40358],[-79.86814,40.40366],[-79.86808,40.40371],[-79.86801,40.40375],[-79.86792,40.4038],[-79.86781,40.40385],[-79.86768,40.40391],[-79.86755,40.40397],[-79.86735,40.40407],[-79.86717,40.404155],[-79.86699,40.40424],[-79.866971,40.404218],[-79.86699,40.40424],[-79.8669,40.40429],[-79.86673,40.404371],[-79.86656,40.404453],[-79.86639,40.404534],[-79.86622,40.404615],[-79.86605,40.404696],[-79.86588,40.404778],[-79.86571,40.404859],[-79.86554,40.40494],[-79.865423,40.404983],[-79.865305,40.405025],[-79.865188,40.405068],[-79.86507,40.40511],[-79.86493,40.405165],[-79.86479,40.40522],[-79.8646,40.40529],[-79.864385,40.405365],[-79.86417,40.40544],[-79.86396,40.40552],[-79.863785,40.405585],[-79.86361,40.40565],[-79.863596,40.405622],[-79.86361,40.40565],[-79.86354,40.40567],[-79.86335,40.40574],[-79.86332,40.40575],[-79.86322,40.40579],[-79.86311,40.40583],[-79.863,40.40588],[-79.86281,40.40598],[-79.86269,40.40605],[-79.86262,40.40609],[-79.8626,40.40611],[-79.86256,40.40613],[-79.86248,40.40617],[-79.86243,40.4062],[-79.86238,40.40622],[-79.86233,40.40624],[-79.86227,40.40626],[-79.86205,40.40633],[-79.86183,40.4064],[-79.86162,40.40646],[-79.86139,40.40653],[-79.861215,40.40659],[-79.86104,40.40665],[-79.86089,40.406695],[-79.86074,40.40674],[-79.86053,40.40681],[-79.86052,40.40681],[-79.86031,40.40688],[-79.86014,40.406935],[-79.85997,40.40699],[-79.85989,40.40702],[-79.85975,40.40706],[-79.85972,40.40707],[-79.85963,40.40711],[-79.85948,40.40719],[-79.85939,40.40723],[-79.85929,40.40729],[-79.85919,40.40734],[-79.8591,40.40739],[-79.85904,40.40743],[-79.859,40.40745],[-79.85891,40.40751],[-79.85879,40.4076],[-79.8587,40.40768],[-79.85866,40.40772],[-79.85856,40.40779],[-79.858455,40.407875],[-79.85835,40.40796],[-79.85819,40.40809],[-79.85809,40.40817],[-79.858075,40.408156],[-79.85809,40.40817],[-79.85808,40.40818],[-79.85803,40.40822],[-79.85794,40.40829],[-79.85785,40.40836],[-79.85779,40.40841],[-79.85777,40.40843],[-79.85767,40.40849],[-79.85761,40.40853],[-79.85758,40.40854],[-79.85751,40.40858],[-79.85744,40.40862],[-79.85737,40.40866],[-79.85727,40.40872],[-79.85714,40.4088],[-79.85705,40.40886],[-79.85702,40.40888],[-79.85696,40.40893],[-79.85688,40.40898],[-79.85671,40.40911],[-79.85664,40.40917],[-79.85655,40.40924],[-79.85647,40.40931],[-79.85635,40.40942],[-79.85627,40.4095],[-79.85625,40.40952],[-79.85621,40.40959],[-79.85615,40.40968],[-79.85612,40.40974],[-79.85607,40.4099],[-79.85606,40.40995],[-79.85603,40.41006],[-79.85603,40.41013],[-79.85602,40.41031],[-79.85601,40.41049],[-79.856,40.41061],[-79.856,40.41067],[-79.855995,40.410785],[-79.85599,40.4109],[-79.855985,40.411015],[-79.85598,40.41113],[-79.855975,40.411235],[-79.85597,40.41134],[-79.85597,40.41145],[-79.85598,40.41152],[-79.85598,40.41155],[-79.85599,40.41161],[-79.85601,40.41168],[-79.85603,40.41175],[-79.85606,40.41182],[-79.85609,40.41189],[-79.8562,40.41206],[-79.85627,40.41218],[-79.85632,40.41227],[-79.85635,40.41233],[-79.85638,40.41238],[-79.85638,40.41239],[-79.85639,40.41241],[-79.85639,40.41242],[-79.8564,40.41248],[-79.85641,40.4125],[-79.856384,40.412504],[-79.85641,40.4125],[-79.85642,40.41259],[-79.8564,40.41269],[-79.85639,40.41275],[-79.85637,40.41279],[-79.85636,40.41282],[-79.85634,40.41284],[-79.85629,40.4129],[-79.85624,40.41295],[-79.85619,40.41298],[-79.85616,40.41301],[-79.8561,40.41304],[-79.85606,40.41306],[-79.85601,40.41307],[-79.85601,40.41308],[-79.85594,40.41309],[-79.85588,40.41311],[-79.85581,40.41313],[-79.85565,40.413165],[-79.85549,40.4132],[-79.85535,40.413235],[-79.85521,40.41327],[-79.85512,40.41329],[-79.85504,40.4133],[-79.855,40.41331],[-79.85497,40.41331],[-79.85487,40.41334],[-79.8548,40.41335],[-79.85474,40.41336],[-79.85458,40.41338],[-79.85447,40.41339],[-79.85432,40.41341],[-79.85413,40.41342],[-79.85397,40.413435],[-79.85381,40.41345],[-79.85361,40.41346],[-79.85343,40.41349],[-79.85337,40.41349],[-79.85331,40.4135],[-79.85325,40.4135],[-79.85319,40.41351],[-79.85309,40.41351],[-79.8529,40.41353],[-79.85271,40.41355],[-79.85248,40.41356],[-79.8525,40.41374],[-79.85253,40.41392],[-79.85254,40.41397],[-79.85255,40.41403],[-79.85256,40.41405],[-79.85256,40.41408],[-79.85258,40.41411],[-79.8526,40.41414],[-79.85261,40.41415],[-79.85263,40.41417],[-79.85268,40.41421],[-79.85276,40.41425],[-79.85296,40.41435],[-79.85311,40.41442],[-79.85314,40.41444],[-79.85316,40.41445],[-79.8532,40.41447],[-79.8533,40.41452],[-79.85335,40.41454],[-79.85334,40.414555],[-79.85335,40.41454],[-79.85353,40.41462],[-79.8537,40.41471],[-79.85388,40.4148],[-79.85404,40.41488],[-79.854182,40.414948],[-79.854325,40.415015],[-79.854467,40.415083],[-79.85461,40.41515],[-79.85466,40.41509],[-79.8547,40.41504],[-79.85481,40.41491],[-79.85493,40.41476],[-79.85505,40.41462],[-79.855219,40.414495]]}}]}